{
  "experiment": "brain_imaging_eta_approx",
  "theory": "\u03b7_approx = (k-1)\u03c1\u00b2/(1+(k-1)\u03c1\u00b2) from participation ratio",
  "results": {
    "bilateral": {
      "n_pairs": 35,
      "homolog_correlation": {
        "rho": 0.6625958612290005,
        "p": 1.4485286589400587e-05,
        "ci": [
          0.4855400814546952,
          0.8278229931774453
        ]
      },
      "mean_pair_diff": 0.0236170361127742,
      "mean_random_diff": 0.040885758703924614,
      "ratio": 0.5776347770331876,
      "wilcoxon_p": 0.49106516473693773,
      "per_hyp_bilateral_r": [
        0.6644427805275651,
        0.5753455752480738,
        0.6647958174680191,
        0.5752678795149343,
        0.43479932584181535,
        0.6246456168222076,
        0.6547791012566102
      ],
      "mean_bilateral_r": 0.5991537280970322
    },
    "participation_ratio": {
      "eta_exact_corr": {
        "rho": -0.020915539540527123,
        "p": 0.8363625820658258,
        "ci": [
          -0.23118287663263112,
          0.18660259994138867
        ]
      },
      "eta_approx_corr": {
        "rho": 0.027321113804467306,
        "p": 0.7872936859993149,
        "ci": [
          -0.19012476453037352,
          0.23054303725207248
        ]
      },
      "literature_fc": {
        "Vis": 0.55,
        "SomMot": 0.5,
        "DorsAttn": 0.4,
        "SalVentAttn": 0.35,
        "Cont": 0.35,
        "Default": 0.45,
        "Limbic": 0.3
      },
      "improved": true,
      "best_uniform_rho": 0.1,
      "best_uniform_corr": -0.020915539540527123
    },
    "empirical_rho": {
      "network_rho": {
        "Cont": 0.8049363306937373,
        "Default": 0.3383988470956213,
        "DorsAttn": 0.40225314879030455,
        "Limbic": 0.4603571112659276,
        "SalVentAttn": 0.22695792537286086,
        "SomMot": 0.3897124041558363,
        "Vis": 0.17213290707795764
      },
      "eta_approx_emp_corr": {
        "rho": 0.06696017127428727,
        "p": 0.5080182423736854,
        "ci": [
          -0.13133962340314093,
          0.24144460284102073
        ]
      },
      "caveat": "semi-circular: \u03c1_eff estimated from disagreement data"
    },
    "network_identity": {
      "network_means": {
        "Cont": {
          "mean": 0.09537904616321889,
          "ci": [
            0.07662704413209566,
            0.11740935232505684
          ],
          "n": 13
        },
        "Default": {
          "mean": 0.04559696453742074,
          "ci": [
            0.03909553334579207,
            0.052851058501352854
          ],
          "n": 24
        },
        "DorsAttn": {
          "mean": 0.09494732706279854,
          "ci": [
            0.07548373330890859,
            0.1167602503530471
          ],
          "n": 15
        },
        "Limbic": {
          "mean": 0.022941572187324996,
          "ci": [
            0.012695041011584186,
            0.03318810336306581
          ],
          "n": 5
        },
        "SalVentAttn": {
          "mean": 0.05319255799378011,
          "ci": [
            0.03934200059884584,
            0.0698463181633921
          ],
          "n": 12
        },
        "SomMot": {
          "mean": 0.05196515005754898,
          "ci": [
            0.03776650587361151,
            0.07078705362745533
          ],
          "n": 14
        },
        "Vis": {
          "mean": 0.07829213438074167,
          "ci": [
            0.06369645027706945,
            0.09524289433202252
          ],
          "n": 17
        }
      },
      "kruskal_wallis_H": 39.49974119823099,
      "kruskal_wallis_p": 5.711477640561326e-07,
      "eta_squared": 0.35369649341457143
    },
    "structural_vs_quantitative": {
      "cv_vs_k": {
        "rho": -0.4642857142857144,
        "p": 0.2939341076002517,
        "ci": [
          -1.0,
          0.5555555555555555
        ]
      },
      "net_pattern_corrs": {
        "Cont": 0.8049363306937373,
        "Default": 0.3383988470956213,
        "DorsAttn": 0.40225314879030455,
        "Limbic": 0.4603571112659276,
        "SalVentAttn": 0.22695792537286086,
        "SomMot": 0.3897124041558363,
        "Vis": 0.17213290707795764
      },
      "pattern_corr_vs_k": {
        "rho": -0.4642857142857144,
        "p": 0.2939341076002517,
        "ci": [
          -0.9617647058823527,
          0.41231964483906725
        ]
      }
    }
  },
  "elapsed_seconds": 8.75078558921814
}