{
  "experiment": "multi_analyst_bulletproof",
  "data_sources": {
    "Silberzahn": "OSF osf.io/gvm2z, file Crowdsourcing Effects in OR.csv",
    "Breznau": "GitHub nbreznau/CRI, CRI Model Specifications and Margins.xlsx",
    "NARPS": "NeuroVault per-team collections (48 teams)"
  },
  "results": {
    "Silberzahn 2018": {
      "convergence": {
        "M_95": null,
        "M_95_ci": [
          14,
          14
        ],
        "max_M": 14,
        "curve": {
          "2": 0.6236404980898487,
          "3": 0.681738714967234,
          "4": 0.7066146838583777,
          "5": 0.73797730437108,
          "6": 0.7573933396467403,
          "8": 0.7913238215234007,
          "10": 0.8122118478951582,
          "12": 0.8260068283210331,
          "14": 0.8421959758925422
        },
        "clt_curve": {
          "2": 0.6082464576018864,
          "3": 0.686113892341988,
          "4": 0.7334454767213462,
          "5": 0.7664033196723926,
          "6": 0.7912462235553002,
          "8": 0.8272529252643323,
          "10": 0.8530319782414747,
          "12": 0.873094663313409,
          "14": 0.8896359422790887
        },
        "mean_deviation_from_clt": -0.027707540491755906
      },
      "bilemma": {
        "ratio_mean": 0.6108376696825861,
        "ratio_median": 0.6040960996396022,
        "gaussian_theory": 0.7978845608028654
      },
      "rashomon": {
        "sign_agreement": 0.9310344827586207,
        "range_in_sigma": 4.756344141775794
      }
    },
    "Breznau 2022": {
      "convergence": {
        "M_95": null,
        "M_95_ci": [
          35,
          35
        ],
        "max_M": 35,
        "curve": {
          "2": 0.6338149013853583,
          "3": 0.6816388770165294,
          "4": 0.7275015694265508,
          "5": 0.7405956914843251,
          "6": 0.7747896549046109,
          "8": 0.7991050540698923,
          "10": 0.8201664032920466,
          "12": 0.8338421431735914,
          "15": 0.8490864114387673,
          "20": 0.8754397342152946,
          "25": 0.8875125422504969,
          "30": 0.8949613336541424,
          "35": 0.9084572878570734
        },
        "clt_curve": {
          "2": 0.6039175577638849,
          "3": 0.6789520710718772,
          "4": 0.7240162894667643,
          "5": 0.7550017347692309,
          "6": 0.778049004754769,
          "8": 0.810765060848488,
          "10": 0.8334514096761152,
          "12": 0.8504758210154479,
          "15": 0.869705996825888,
          "20": 0.8923172510321794,
          "25": 0.9085286781414779,
          "30": 0.9211671287634542,
          "35": 0.9316098947883258
        },
        "mean_deviation_from_clt": -0.010080484211478712
      },
      "bilemma": {
        "ratio_mean": 0.5938781167501808,
        "ratio_median": 0.5704045985101277,
        "gaussian_theory": 0.7978845608028654
      },
      "rashomon": {
        "sign_agreement": 0.5211267605633803,
        "range_in_sigma": 7.711589633454942
      }
    }
  },
  "narps_reference": {
    "M_95": 16,
    "M_95_ci": [
      10,
      22
    ],
    "N": 48,
    "max_M": 24,
    "ratio_mean": 0.734,
    "ratio_median": 0.716,
    "sign_agreement": "N/A (multivariate)",
    "convergence_differs_from_clt": true
  },
  "elapsed_seconds": 11.509145259857178
}