{
  "experiment": "multi_analyst_resolution",
  "studies": {
    "Silberzahn et al. 2018": {
      "n_teams": 29,
      "venue": "Advances in Methods and Practices in Psychological Science"
    },
    "Breznau et al. 2022": {
      "n_teams": 73,
      "venue": "PNAS"
    }
  },
  "results": {
    "Silberzahn et al. 2018": {
      "convergence": {
        "M_95": 24,
        "M_95_ci": [
          22,
          25
        ],
        "convergence_rate": 0.6628625532139539,
        "curve": {
          "2": 0.6594313330238792,
          "3": 0.7090400025025194,
          "4": 0.739044854205918,
          "5": 0.7682587130946408,
          "6": 0.8004507241781685,
          "7": 0.8094177680192708,
          "8": 0.8238581207882981,
          "9": 0.8456282536741788,
          "10": 0.8587505543487765,
          "11": 0.858588741030013,
          "12": 0.8665090840786731,
          "13": 0.8838634944600691,
          "14": 0.8926654995551786,
          "15": 0.8949332662298427,
          "16": 0.9036835754926906,
          "17": 0.9110678958831693,
          "18": 0.9142082394008592,
          "19": 0.9214538905676255,
          "20": 0.925766403182535,
          "21": 0.9352360895345363,
          "22": 0.9417054858011615,
          "23": 0.9448478574719912,
          "24": 0.9524280827632269,
          "25": 0.9594616504527635,
          "26": 0.965399190130474,
          "27": 0.9706229568515737
        }
      },
      "bilemma": {
        "ensemble_mean": 0.22530469567907987,
        "disagreement_std": 0.27955489775988,
        "mean_unfaithfulness": 0.19923988022534483,
        "unfaith_sigma_ratio": 0.7127039512521054,
        "gaussian_theory": 0.7978845608028654
      },
      "pareto": {
        "mean": {
          "aggregate": 0.22530469567907987,
          "mean_unfaithfulness": 0.19923988022534483
        },
        "median": {
          "aggregate": 0.16551443847757333,
          "mean_unfaithfulness": 0.19109560452936583
        },
        "trimmed_mean": {
          "aggregate": 0.18360591866429096,
          "mean_unfaithfulness": 0.19238514602138046
        }
      },
      "rashomon": {
        "sign_agreement_pct": 79.3103448275862,
        "range": 1.1915362392849276,
        "range_in_sigma": 4.26226207744134
      }
    },
    "Breznau et al. 2022": {
      "convergence": {
        "M_95": 47,
        "M_95_ci": [
          41,
          53
        ],
        "convergence_rate": 0.6253191383297869,
        "curve": {
          "2": 0.6109188266706432,
          "5": 0.7644946054152514,
          "8": 0.7938368199407559,
          "11": 0.8400687400614687,
          "14": 0.8616460231774429,
          "17": 0.8769052317282293,
          "20": 0.8904712005845938,
          "23": 0.90962218570475,
          "26": 0.9058360057411693,
          "29": 0.9172266491202236,
          "32": 0.9244370302827424,
          "35": 0.9318746818650716,
          "38": 0.9373133011192991,
          "41": 0.9419895601498229,
          "44": 0.9462156401789367,
          "47": 0.9515404545829912,
          "50": 0.9558435978568306,
          "53": 0.9600454857979438,
          "56": 0.963274405398159,
          "59": 0.9671993730072219,
          "62": 0.9726563088083009,
          "65": 0.9765906569555208,
          "68": 0.9816311548126768,
          "71": 0.9889770292632727
        }
      },
      "bilemma": {
        "ensemble_mean": -0.03,
        "disagreement_std": 0.1745522648111016,
        "mean_unfaithfulness": 0.13835616438356166,
        "unfaith_sigma_ratio": 0.7926345987735482,
        "gaussian_theory": 0.7978845608028654
      },
      "pareto": {
        "mean": {
          "aggregate": -0.03,
          "mean_unfaithfulness": 0.13835616438356166
        },
        "median": {
          "aggregate": -0.01,
          "mean_unfaithfulness": 0.13753424657534247
        },
        "trimmed_mean": {
          "aggregate": -0.024576271186440683,
          "mean_unfaithfulness": 0.13798467610866033
        }
      },
      "rashomon": {
        "sign_agreement_pct": 52.054794520547944,
        "range": 0.8200000000000001,
        "range_in_sigma": 4.6977333745133265
      }
    }
  },
  "cross_domain": {
    "M_95_values": [
      16,
      24,
      47
    ],
    "mean_M_95": 29.0,
    "std_M_95": 13.140268896284683,
    "unfaith_ratios": [
      0.734,
      0.7127039512521054,
      0.7926345987735482
    ],
    "mean_unfaith_ratio": 0.7464461833418845
  },
  "narps_reference": {
    "M_95": 16,
    "ci": [
      10,
      22
    ],
    "rate": 1.0,
    "ratio": 0.734
  },
  "elapsed_seconds": 26.941421031951904
}