{
  "invariant_decomposition": {
    "full_10dim": {
      "spearman": 0.5178451178451179,
      "pearson": 0.8346017526171869,
      "p": 0.0
    },
    "g_invariant_4dim": {
      "spearman": 0.9288888888888887,
      "pearson": 0.966879247565111,
      "p": 0.0
    },
    "invariant_excl_mlp1_3dim": {
      "spearman": 0.8222222222222222,
      "pearson": 0.7818759579600876,
      "p": 0.0
    },
    "layer_means_2dim": {
      "spearman": NaN,
      "pearson": 0.28888888888888886,
      "p": 0.1096
    },
    "mlp_only_2dim": {
      "spearman": NaN,
      "pearson": 1.0,
      "p": 0.0016
    },
    "excl_mlp1_9dim": {
      "spearman": 0.3370370370370371,
      "pearson": 0.439490680739828,
      "p": 0.0
    }
  },
  "noether_counting": {
    "within_group_pairs": 12,
    "between_group_pairs": 33,
    "within_mean_flip": 0.5,
    "between_mean_flip": 0.22693602693602694,
    "gap": 0.27306397306397306
  },
  "eta_reconciliation": {
    "eta": 0.4,
    "predicted_instability": 0.6,
    "observed_flip_rate": 0.299753086419753,
    "noether_predicted_flip": 0.13333333333333333
  },
  "flip_matrix": [
    [
      0.0,
      0.5333333333333333,
      0.4666666666666667,
      0.35555555555555557,
      0.35555555555555557,
      0.35555555555555557,
      0.35555555555555557,
      0.35555555555555557,
      0.35555555555555557,
      0.0
    ],
    [
      0.5333333333333333,
      0.0,
      0.5555555555555556,
      0.4666666666666667,
      0.4666666666666667,
      0.4666666666666667,
      0.5333333333333333,
      0.4666666666666667,
      0.0,
      0.0
    ],
    [
      0.4666666666666667,
      0.5555555555555556,
      0.0,
      0.5333333333333333,
      0.2,
      0.35555555555555557,
      0.4666666666666667,
      0.35555555555555557,
      0.0,
      0.0
    ],
    [
      0.35555555555555557,
      0.4666666666666667,
      0.5333333333333333,
      0.0,
      0.4666666666666667,
      0.5333333333333333,
      0.5333333333333333,
      0.4666666666666667,
      0.0,
      0.0
    ],
    [
      0.35555555555555557,
      0.4666666666666667,
      0.2,
      0.4666666666666667,
      0.0,
      0.5555555555555556,
      0.35555555555555557,
      0.5333333333333333,
      0.0,
      0.0
    ],
    [
      0.35555555555555557,
      0.4666666666666667,
      0.35555555555555557,
      0.5333333333333333,
      0.5555555555555556,
      0.0,
      0.5555555555555556,
      0.5333333333333333,
      0.2,
      0.0
    ],
    [
      0.35555555555555557,
      0.5333333333333333,
      0.4666666666666667,
      0.5333333333333333,
      0.35555555555555557,
      0.5555555555555556,
      0.0,
      0.5555555555555556,
      0.2,
      0.0
    ],
    [
      0.35555555555555557,
      0.4666666666666667,
      0.35555555555555557,
      0.4666666666666667,
      0.5333333333333333,
      0.5333333333333333,
      0.5555555555555556,
      0.0,
      0.0,
      0.0
    ],
    [
      0.35555555555555557,
      0.0,
      0.0,
      0.0,
      0.0,
      0.2,
      0.2,
      0.0,
      0.0,
      0.0
    ],
    [
      0.0,
      0.0,
      0.0,
      0.0,
      0.0,
      0.0,
      0.0,
      0.0,
      0.0,
      0.0
    ]
  ],
  "component_labels": [
    "L0H0",
    "L0H1",
    "L0H2",
    "L0H3",
    "L1H0",
    "L1H1",
    "L1H2",
    "L1H3",
    "MLP0",
    "MLP1"
  ]
}