{
  "experiment": "knockout_battery",
  "results": {
    "Q1_spectral_exact": {
      "k2": {
        "rho": 0.999,
        "k": 2,
        "flip_by_M": {
          "2": 0.48,
          "3": 0.39333333333333337,
          "5": 0.5666666666666668,
          "8": 0.48,
          "10": 0.45333333333333337,
          "15": 0.3933333333333333,
          "20": 0.44,
          "30": 0.36,
          "50": 0.0
        },
        "empirical_rate": 0.009252907963851548,
        "theoretical_rate": 0.6931471805599453,
        "ratio": 0.013349124433250625
      },
      "k4": {
        "rho": 0.999,
        "k": 4,
        "flip_by_M": {
          "2": 0.4011111111111111,
          "3": 0.36555555555555563,
          "5": 0.3411111111111111,
          "8": 0.24222222222222223,
          "10": 0.25222222222222224,
          "15": 0.18666666666666665,
          "20": 0.14333333333333334,
          "30": 0.1277777777777778,
          "50": 0.0
        },
        "empirical_rate": 0.04298620935817156,
        "theoretical_rate": 1.3862943611198906,
        "ratio": 0.03100799553382443
      }
    },
    "K1_sam_vs_sgd": {
      "synthetic_0.9/standard": {
        "flip_rate": 0.1727969348659004,
        "accuracy": 0.0,
        "n_models": 30
      },
      "synthetic_0.9/regularized": {
        "flip_rate": 0.16105886450714038,
        "accuracy": 0.0,
        "n_models": 30
      },
      "breast_cancer/standard": {
        "flip_rate": 0.35233904585456227,
        "accuracy": 0.0,
        "n_models": 30
      },
      "breast_cancer/regularized": {
        "flip_rate": 0.16482392790950343,
        "accuracy": 0.0,
        "n_models": 30
      }
    },
    "K2_flip_correlations": {
      "mean_within_flip_corr": -0.031081343737171634,
      "mean_between_flip_corr": -0.013180673266523066,
      "gap": -0.01790067047064857,
      "n_within": 10,
      "n_between": 26,
      "confirmed": false
    }
  },
  "elapsed_seconds": 17.908143043518066
}