{
  "experiment": "causal_sachs",
  "dag": "Sachs (11 phosphoproteins, linear Gaussian SEM)",
  "n_nodes": 11,
  "n_true_edges": 17,
  "node_names": [
    "Raf",
    "Mek",
    "Plcg",
    "PIP2",
    "PIP3",
    "Erk",
    "Akt",
    "PKA",
    "PKC",
    "P38",
    "Jnk"
  ],
  "true_edges": [
    [
      0,
      1
    ],
    [
      1,
      5
    ],
    [
      2,
      3
    ],
    [
      2,
      4
    ],
    [
      4,
      3
    ],
    [
      7,
      0
    ],
    [
      7,
      1
    ],
    [
      7,
      5
    ],
    [
      7,
      6
    ],
    [
      7,
      9
    ],
    [
      7,
      10
    ],
    [
      8,
      0
    ],
    [
      8,
      1
    ],
    [
      8,
      9
    ],
    [
      8,
      10
    ],
    [
      8,
      2
    ],
    [
      5,
      6
    ]
  ],
  "n_samples": 1000,
  "n_bootstrap": 100,
  "alpha": 0.05,
  "method": "PC (Fisher-Z, alpha=0.05)",
  "orientation_flip_rate": 0.045054178145087234,
  "mean_skeleton_jaccard": 0.8497319668349188,
  "mean_n_reversible": 5.15,
  "mean_n_edges_per_bootstrap": 13.4,
  "std_n_edges_per_bootstrap": 1.1313708498984762,
  "per_edge_flip_rate": {
    "(2, 8)": 0.16828282828282828,
    "(2, 3)": 0.0,
    "(3, 9)": 0.0,
    "(7, 9)": 0.26282828282828286,
    "(7, 8)": 0.0,
    "(3, 4)": 0.1511111111111111,
    "(1, 7)": 0.49676767676767675,
    "(7, 10)": 0.02,
    "(0, 2)": 0.0,
    "(8, 10)": 0.02,
    "(2, 4)": 0.03434343434343434,
    "(5, 6)": 0.5032323232323233,
    "(1, 6)": 0.0,
    "(0, 10)": 0.0,
    "(0, 1)": 0.3109090909090909,
    "(6, 7)": 0.07818181818181819,
    "(3, 8)": 0.0,
    "(1, 5)": 0.11898989898989899,
    "(5, 7)": 0.11151515151515151,
    "(0, 8)": 0.18181818181818182,
    "(0, 9)": 0.00020202020202020202,
    "(1, 9)": 0.00020202020202020202,
    "(9, 10)": 0.019595959595959597,
    "(8, 9)": 0.0,
    "(4, 8)": 0.0
  },
  "edge_frequency": {
    "(2, 8)": 1.0,
    "(2, 3)": 1.0,
    "(3, 9)": 0.01,
    "(7, 9)": 1.0,
    "(7, 8)": 0.01,
    "(3, 4)": 1.0,
    "(1, 7)": 1.0,
    "(7, 10)": 1.0,
    "(0, 2)": 0.01,
    "(8, 10)": 1.0,
    "(2, 4)": 0.87,
    "(5, 6)": 1.0,
    "(1, 6)": 0.05,
    "(0, 10)": 0.02,
    "(0, 1)": 1.0,
    "(6, 7)": 1.0,
    "(3, 8)": 0.06,
    "(1, 5)": 0.5,
    "(5, 7)": 0.47,
    "(0, 8)": 1.0,
    "(0, 9)": 0.02,
    "(1, 9)": 0.02,
    "(9, 10)": 0.2,
    "(8, 9)": 0.12,
    "(4, 8)": 0.04
  },
  "n_undirected_per_bootstrap": [
    5,
    4,
    4,
    6,
    5,
    4,
    5,
    5,
    7,
    8,
    5,
    5,
    7,
    8,
    4,
    5,
    3,
    5,
    7,
    6,
    7,
    8,
    7,
    4,
    7,
    4,
    5,
    4,
    5,
    8,
    8,
    4,
    7,
    5,
    6,
    4,
    3,
    5,
    4,
    8,
    5,
    8,
    4,
    6,
    4,
    5,
    5,
    5,
    5,
    4,
    7,
    7,
    4,
    5,
    3,
    3,
    3,
    4,
    3,
    4,
    4,
    4,
    5,
    5,
    7,
    5,
    8,
    5,
    4,
    5,
    4,
    5,
    6,
    6,
    2,
    4,
    4,
    4,
    7,
    5,
    5,
    3,
    5,
    4,
    6,
    4,
    7,
    5,
    8,
    7,
    4,
    4,
    3,
    8,
    6,
    5,
    4,
    4,
    4,
    5
  ],
  "n_edges_per_bootstrap": [
    13,
    14,
    13,
    14,
    14,
    13,
    13,
    13,
    14,
    15,
    12,
    13,
    14,
    14,
    12,
    12,
    13,
    15,
    15,
    12,
    14,
    15,
    14,
    13,
    15,
    13,
    12,
    13,
    14,
    14,
    14,
    13,
    15,
    12,
    14,
    13,
    13,
    12,
    14,
    15,
    12,
    16,
    14,
    16,
    12,
    15,
    13,
    14,
    14,
    12,
    14,
    14,
    13,
    13,
    11,
    13,
    12,
    12,
    12,
    14,
    14,
    13,
    12,
    12,
    14,
    13,
    15,
    15,
    12,
    13,
    14,
    13,
    13,
    14,
    12,
    13,
    13,
    14,
    15,
    12,
    12,
    12,
    12,
    12,
    14,
    13,
    15,
    15,
    14,
    16,
    13,
    14,
    12,
    15,
    14,
    13,
    15,
    12,
    12,
    13
  ],
  "asia_comparison": {
    "asia_mean_agreement_N1000": 0.16666666666666666,
    "asia_n_nodes": 8,
    "sachs_n_nodes": 11,
    "note": "Sachs has more nodes (11 vs 8) and edges (17 vs 8), increasing the Markov equivalence class and thus instability."
  },
  "interpretation": "PC algorithm on the Sachs network (11 nodes, 17 edges) shows substantial bootstrap instability: orientation flip rate = 0.0451, mean skeleton Jaccard = 0.8497, mean reversible edges = 5.2. The larger Markov equivalence class (compared to Asia, 8 nodes) amplifies the impossibility: no single CPDAG estimate is simultaneously faithful, stable, and decisive under finite-sample underspecification.",
  "_timestamp": "2026-04-14 11:16:21"
}