{
  "preregistration_hash": "4429983c61750b22",
  "timestamp": "2026-05-01T17:43:17.500846",
  "results": {
    "A_finance": {
      "n_stocks": 19,
      "n_days": 1255,
      "sector_gap": -0.008111111111111124,
      "corr_gap": -0.030878533231474353,
      "sector_within": 0.26611111111111113,
      "sector_between": 0.27422222222222226,
      "corr_within": 0.2447058823529412,
      "corr_between": 0.27558441558441554,
      "mw_p": 0.59296289090765,
      "pred1_confirmed": false,
      "pred4_confirmed": false
    },
    "B_hyperparameter": {
      "seed_gap": -0.008673740053050383,
      "hyper_gap": -0.07193633952254644,
      "seed_overall_flip": 0.13751724137931035,
      "hyper_overall_flip": 0.20855172413793102,
      "pred1_confirmed": true,
      "pred2_confirmed": false
    },
    "C_multi_specification": {
      "n_specs": 25,
      "n_models": 50,
      "within": 0.3,
      "between": 0.2325925925925926,
      "gap": 0.06740740740740739,
      "retention_stability_rho": 0.7165410061057312,
      "retention_stability_p": 0.045520439055528175,
      "lat_long_flip": 0.3,
      "pred1_confirmed": true,
      "pred2_confirmed": false,
      "pred3_confirmed": true
    },
    "D_cross_architecture": {
      "within_xgb": 0.7530303030303029,
      "within_rf": 0.8640819964349375,
      "within_ridge": 0.9750505050505051,
      "cross": 0.7727090836334534,
      "dash_stability_all": 0.9999999999999998,
      "dash_stability_xgb": 0.9978609625668448,
      "gap_xgb": 0.03906976744186047,
      "gap_rf": 0.08209302325581394,
      "pred1_confirmed": true,
      "pred2_confirmed": true,
      "pred3_confirmed": true
    }
  },
  "scorecard": {
    "confirmed": 6,
    "failed": 4,
    "total": 10,
    "rate": 0.6
  }
}