{
  "experiment": "spectral_gap_ensemble",
  "results": {
    "k2": {
      "rho": 0.95,
      "k": 2,
      "P": 6,
      "spectral_gap": 0.5,
      "spectral_rate": 0.6931471805599453,
      "empirical_rate": 0.015490081246799653,
      "ratio": 0.02234746339772499,
      "flip_rates": {
        "2": 0.5,
        "3": 0.35,
        "5": 0.36666666666666664,
        "8": 0.25,
        "10": 0.2,
        "15": 0.35,
        "20": 0.23333333333333334,
        "30": 0.26666666666666666,
        "50": 0.0
      }
    },
    "k3": {
      "rho": 0.95,
      "k": 3,
      "P": 9,
      "spectral_gap": 0.6666666666666667,
      "spectral_rate": 1.0986122886681098,
      "empirical_rate": 0.07182661424465399,
      "ratio": 0.06537940180127802,
      "flip_rates": {
        "2": 0.3388888888888889,
        "3": 0.3388888888888889,
        "5": 0.29444444444444445,
        "8": 0.2388888888888889,
        "10": 0.19444444444444445,
        "15": 0.08888888888888889,
        "20": 0.08333333333333333,
        "30": 0.05555555555555555,
        "50": 0.0
      }
    },
    "k4": {
      "rho": 0.95,
      "k": 4,
      "P": 12,
      "spectral_gap": 0.75,
      "spectral_rate": 1.3862943611198906,
      "empirical_rate": 0.06123053987645561,
      "ratio": 0.044168498115358217,
      "flip_rates": {
        "2": 0.33611111111111114,
        "3": 0.2722222222222222,
        "5": 0.22777777777777777,
        "8": 0.20277777777777778,
        "10": 0.16111111111111112,
        "15": 0.10555555555555556,
        "20": 0.09166666666666666,
        "30": 0.058333333333333334,
        "50": 0.0
      }
    },
    "k6": {
      "rho": 0.95,
      "k": 6,
      "P": 18,
      "spectral_gap": 0.8333333333333334,
      "spectral_rate": 1.791759469228055,
      "empirical_rate": 0.05330404927805668,
      "ratio": 0.029749556340294775,
      "flip_rates": {
        "2": 0.31777777777777777,
        "3": 0.29,
        "5": 0.2222222222222222,
        "8": 0.17666666666666667,
        "10": 0.1622222222222222,
        "15": 0.10888888888888888,
        "20": 0.1,
        "30": 0.07111111111111111,
        "50": 0.0
      }
    }
  },
  "spectral_empirical_correlation": 0.19999999999999998,
  "p_value": 0.8,
  "elapsed_seconds": 12.015281915664673
}