{
  "experiment": "MI Non-Uniqueness (MLP Feature Probing)",
  "description": "Demonstrates neuron-level interpretation non-uniqueness across independently trained networks",
  "config": {
    "n_models": 10,
    "hidden_size": 256,
    "top_k": 20,
    "max_iter": 50,
    "seeds": [
      42,
      43,
      44,
      45,
      46,
      47,
      48,
      49,
      50,
      51
    ],
    "dataset": "MNIST",
    "n_probe_samples": 10000
  },
  "model_accuracies": [
    0.9777142857142858,
    0.9787142857142858,
    0.9704285714285714,
    0.9761428571428571,
    0.9757142857142858,
    0.9752857142857143,
    0.9779285714285715,
    0.9769285714285715,
    0.9757857142857143,
    0.9774285714285714
  ],
  "mean_accuracy": 0.9762071428571428,
  "min_accuracy": 0.9704285714285714,
  "metrics": {
    "mean_jaccard": 0.04067397532825809,
    "std_jaccard": 0.00960194470988041,
    "chance_jaccard": 0.04065040650406504,
    "mean_subspace_cosine": 0.18425979444950527,
    "std_subspace_cosine": 0.030987526836909463,
    "all_pair_jaccards": [
      0.02361673414304993,
      0.03972109761583446,
      0.03670715249662618,
      0.03941714994346573,
      0.04510705037020827,
      0.051003808898545736,
      0.045984851248009134,
      0.03969799759273444,
      0.03727978991136886,
      0.03217468480626375,
      0.03158988948462633,
      0.03643724696356275,
      0.03415399204872889,
      0.03985605038236617,
      0.042701000595737434,
      0.02676563202878992,
      0.02902578692052376,
      0.03997884524200314,
      0.034288944815260604,
      0.031454936718094614,
      0.07401233097827524,
      0.04811005337321127,
      0.045096108254002995,
      0.04752525805157384,
      0.036853047379363166,
      0.042262100156837,
      0.029036729036729037,
      0.05052826105457684,
      0.0614858964704166,
      0.03985605038236617,
      0.042262100156837,
      0.031589889484626335,
      0.02902578692052376,
      0.044961155487471274,
      0.05080910870384554,
      0.042262100156837,
      0.046537892977521464,
      0.05353126405757984,
      0.02917168180326075,
      0.05158860422018317,
      0.04000194526510316,
      0.043004948268106157,
      0.050663213821108555,
      0.028890834153992045,
      0.03429988693146588
    ],
    "all_pair_cosines": [
      0.16130736150203676,
      0.1632465795241649,
      0.18215374273761936,
      0.1865155485815914,
      0.15660688057779318,
      0.16317189207722296,
      0.15225718073444228,
      0.15235205245638747,
      0.15731132772849687,
      0.22110635700481862,
      0.23547273404484126,
      0.22623895323840895,
      0.15886650078555956,
      0.2324711736378564,
      0.16050871029857383,
      0.17186977512357596,
      0.22257483218800878,
      0.2194712409360374,
      0.22121128504282933,
      0.16228181274801434,
      0.2313233917392544,
      0.18204982397247002,
      0.15382039438499115,
      0.21931361437896468,
      0.23374662676983754,
      0.1682183738308537,
      0.2395236517262158,
      0.1844218969453636,
      0.17512001247990183,
      0.23026640239395463,
      0.17670587030720486,
      0.22556588779827957,
      0.15223322902365918,
      0.1607882229723965,
      0.20817547902602893,
      0.14592896692821217,
      0.15611945954623221,
      0.15058340382355503,
      0.15052077680180279,
      0.16471600930931685,
      0.17509923204355088,
      0.21806547671464283,
      0.15899593041397952,
      0.17224017458839438,
      0.15115250134039457
    ],
    "all_class_jaccards": [
      0.0,
      0.0,
      0.05263157894736842,
      0.02564102564102564,
      0.05263157894736842,
      0.05263157894736842,
      0.0,
      0.0,
      0.05263157894736842,
      0.0,
      0.02564102564102564,
      0.02564102564102564,
      0.05263157894736842,
      0.02564102564102564,
      0.02564102564102564,
      0.05263157894736842,
      0.02564102564102564,
      0.05263157894736842,
      0.0,
      0.1111111111111111,
      0.0,
      0.02564102564102564,
      0.05263157894736842,
      0.05263157894736842,
      0.05263157894736842,
      0.05263157894736842,
      0.05263157894736842,
      0.0,
      0.05263157894736842,
      0.02564102564102564,
      0.02564102564102564,
      0.05263157894736842,
      0.02564102564102564,
      0.0,
      0.05263157894736842,
      0.05263157894736842,
      0.02564102564102564,
      0.05263157894736842,
      0.02564102564102564,
      0.08108108108108109,
      0.08108108108108109,
      0.05263157894736842,
      0.05263157894736842,
      0.08108108108108109,
      0.02564102564102564,
      0.02564102564102564,
      0.02564102564102564,
      0.08108108108108109,
      0.02564102564102564,
      0.0,
      0.02564102564102564,
      0.05263157894736842,
      0.14285714285714285,
      0.02564102564102564,
      0.05263157894736842,
      0.02564102564102564,
      0.02564102564102564,
      0.08108108108108109,
      0.05263157894736842,
      0.02564102564102564,
      0.1111111111111111,
      0.08108108108108109,
      0.02564102564102564,
      0.05263157894736842,
      0.0,
      0.0,
      0.05263157894736842,
      0.02564102564102564,
      0.0,
      0.1111111111111111,
      0.0,
      0.05263157894736842,
      0.02564102564102564,
      0.08108108108108109,
      0.02564102564102564,
      0.02564102564102564,
      0.0,
      0.05263157894736842,
      0.05263157894736842,
      0.08108108108108109,
      0.08108108108108109,
      0.0,
      0.08108108108108109,
      0.0,
      0.02564102564102564,
      0.02564102564102564,
      0.0,
      0.05263157894736842,
      0.02564102564102564,
      0.08108108108108109,
      0.0,
      0.02564102564102564,
      0.08108108108108109,
      0.0,
      0.02564102564102564,
      0.0,
      0.0,
      0.1111111111111111,
      0.05263157894736842,
      0.02564102564102564,
      0.05263157894736842,
      0.08108108108108109,
      0.02564102564102564,
      0.0,
      0.02564102564102564,
      0.05263157894736842,
      0.0,
      0.02564102564102564,
      0.0,
      0.05263157894736842,
      0.05263157894736842,
      0.05263157894736842,
      0.02564102564102564,
      0.05263157894736842,
      0.05263157894736842,
      0.02564102564102564,
      0.02564102564102564,
      0.02564102564102564,
      0.02564102564102564,
      0.02564102564102564,
      0.05263157894736842,
      0.02564102564102564,
      0.08108108108108109,
      0.0,
      0.02564102564102564,
      0.0,
      0.02564102564102564,
      0.05263157894736842,
      0.02564102564102564,
      0.05263157894736842,
      0.02564102564102564,
      0.02564102564102564,
      0.05263157894736842,
      0.02564102564102564,
      0.1111111111111111,
      0.0,
      0.05263157894736842,
      0.0,
      0.05263157894736842,
      0.05263157894736842,
      0.08108108108108109,
      0.02564102564102564,
      0.05263157894736842,
      0.02564102564102564,
      0.05263157894736842,
      0.02564102564102564,
      0.0,
      0.05263157894736842,
      0.1111111111111111,
      0.0,
      0.02564102564102564,
      0.0,
      0.05263157894736842,
      0.05263157894736842,
      0.0,
      0.0,
      0.1111111111111111,
      0.0,
      0.02564102564102564,
      0.0,
      0.02564102564102564,
      0.05263157894736842,
      0.0,
      0.05263157894736842,
      0.05263157894736842,
      0.08108108108108109,
      0.0,
      0.02564102564102564,
      0.0,
      0.0,
      0.08108108108108109,
      0.05263157894736842,
      0.08108108108108109,
      0.0,
      0.05263157894736842,
      0.02564102564102564,
      0.02564102564102564,
      0.08108108108108109,
      0.0,
      0.0,
      0.0,
      0.02564102564102564,
      0.05263157894736842,
      0.05263157894736842,
      0.0,
      0.0,
      0.02564102564102564,
      0.05263157894736842,
      0.05263157894736842,
      0.08108108108108109,
      0.02564102564102564,
      0.02564102564102564,
