{
  "rho_0.5": {
    "rho_within": 0.5,
    "r2_mean": 0.9443,
    "r2_std": 0.006,
    "shap": {
      "within_mean": 0.375873,
      "within_ci": [
        0.325305,
        0.421951
      ],
      "between_mean": 0.0,
      "between_ci": [
        0.0,
        0.0
      ],
      "gap_pp": 37.59,
      "permutation_p": 0.0,
      "within_rates": [
        0.115102,
        0.21551,
        0.245714,
        0.274286,
        0.301224,
        0.350204,
        0.350204,
        0.372245,
        0.411429,
        0.411429,
        0.428571,
        0.444082,
        0.444082,
        0.457959,
        0.470204,
        0.480816,
        0.489796,
        0.502857
      ],
      "between_rates": [
        0.0,
        0.0,
        0.0,
        0.0,
        0.0,
        0.0,
        0.0,
        0.0,
        0.0,
        0.0,
        0.0,
        0.0,
        0.0,
        0.0,
        0.0,
        0.0,
        0.0,
        0.0,
        0.0,
        0.0,
        0.0,
        0.0,
        0.0,
        0.0,
        0.0,
        0.0,
        0.0,
        0.0,
        0.0,
        0.0,
        0.0,
        0.0,
        0.0,
        0.0,
        0.0,
        0.0,
        0.0,
        0.0,
        0.0,
        0.0,
        0.0,
        0.0,
        0.0,
        0.0,
        0.0,
        0.0,
        0.0,
        0.0
      ]
    },
    "gain": {
      "within_mean": 0.389569,
      "within_ci": [
        0.318728,
        0.451931
      ],
      "between_mean": 0.000833,
      "between_ci": [
        0.0,
        0.0025
      ],
      "gap_pp": 38.87
    }
  },
  "rho_0.7": {
    "rho_within": 0.7,
    "r2_mean": 0.9612,
    "r2_std": 0.005,
    "shap": {
      "within_mean": 0.37229,
      "within_ci": [
        0.311518,
        0.430931
      ],
      "between_mean": 0.0,
      "between_ci": [
        0.0,
        0.0
      ],
      "gap_pp": 37.23,
      "permutation_p": 0.0,
      "within_rates": [
        0.115102,
        0.183673,
        0.183673,
        0.21551,
        0.274286,
        0.274286,
        0.372245,
        0.392653,
        0.411429,
        0.411429,
        0.428571,
        0.444082,
        0.480816,
        0.489796,
        0.497143,
        0.506939,
        0.509388,
        0.510204
      ],
      "between_rates": [
        0.0,
        0.0,
        0.0,
        0.0,
        0.0,
        0.0,
        0.0,
        0.0,
        0.0,
        0.0,
        0.0,
        0.0,
        0.0,
        0.0,
        0.0,
        0.0,
        0.0,
        0.0,
        0.0,
        0.0,
        0.0,
        0.0,
        0.0,
        0.0,
        0.0,
        0.0,
        0.0,
        0.0,
        0.0,
        0.0,
        0.0,
        0.0,
        0.0,
        0.0,
        0.0,
        0.0,
        0.0,
        0.0,
        0.0,
        0.0,
        0.0,
        0.0,
        0.0,
        0.0,
        0.0,
        0.0,
        0.0,
        0.0
      ]
    },
    "gain": {
      "within_mean": 0.394104,
      "within_ci": [
        0.340223,
        0.441587
      ],
      "between_mean": 0.0,
      "between_ci": [
        0.0,
        0.0
      ],
      "gap_pp": 39.41
    }
  },
  "rho_0.99": {
    "rho_within": 0.99,
    "r2_mean": 0.9728,
    "r2_std": 0.003,
    "shap": {
      "within_mean": 0.382222,
      "within_ci": [
        0.339048,
        0.423401
      ],
      "between_mean": 0.02551,
      "between_ci": [
        0.007262,
        0.04876
      ],
      "gap_pp": 35.67,
      "permutation_p": 0.0,
      "within_rates": [
        0.21551,
        0.245714,
        0.274286,
        0.301224,
        0.301224,
        0.326531,
        0.326531,
        0.350204,
        0.372245,
        0.392653,
        0.411429,
        0.411429,
        0.470204,
        0.480816,
        0.489796,
        0.497143,
        0.502857,
        0.510204
      ],
      "between_rates": [
        0.0,
        0.0,
        0.0,
        0.0,
        0.0,
        0.0,
        0.0,
        0.0,
        0.0,
        0.0,
        0.0,
        0.0,
        0.0,
        0.0,
        0.0,
        0.0,
        0.0,
        0.0,
        0.0,
        0.0,
        0.0,
        0.0,
        0.0,
        0.0,
        0.0,
        0.0,
        0.0,
        0.0,
        0.0,
        0.0,
        0.0,
        0.0,
        0.0,
        0.0,
        0.0,
        0.0,
        0.0,
        0.0,
        0.0,
        0.04,
        0.04,
        0.04,
        0.04,
        0.078367,
        0.150204,
        0.150204,
        0.274286,
        0.411429
      ]
    },
    "gain": {
      "within_mean": 0.436916,
      "within_ci": [
        0.386348,
        0.478779
      ],
      "between_mean": 0.009065,
      "between_ci": [
        0.003333,
        0.015629
      ],
      "gap_pp": 42.79
    }
  },
  "go_nogo": {
    "criterion": "SHAP bimodal gap > 30pp at rho=0.70",
    "observed_gap_pp": 37.23,
    "decision": "GO"
  },
  "_timestamp": "2026-04-14 12:57:48",
  "experiment": "noether_treeshap",
  "config": {
    "P": 12,
    "G": 3,
    "group_size": 4,
    "betas": [
      5.0,
      5.0,
      5.0,
      5.0,
      2.0,
      2.0,
      2.0,
      2.0,
      0.5,
      0.5,
      0.5,
      0.5
    ],
    "rho_within_values": [
      0.5,
      0.7,
      0.99
    ],
    "rho_between": 0.0,
    "n_train": 500,
    "n_test": 200,
    "noise_std": 1.0,
    "n_models": 50,
    "seed": 42
  }
}