{
  "experiment": "approximate_symmetry_v2",
  "fixes": [
    "all model pairs",
    "all test obs",
    "corrected SNR",
    "null model",
    "bootstrap CIs"
  ],
  "results": {
    "0.0": {
      "rho": 0.0,
      "n_models": 50,
      "n_test": 600,
      "accuracy": 0.7406666666666666,
      "mean_within": 0.14082237339380196,
      "within_ci": [
        0.12360493197278911,
        0.16118137377173092
      ],
      "mean_between": 0.11697108843537414,
      "gap": 0.023851284958427824,
      "gap_ci": [
        0.002575404147770206,
        0.0422642436696901
      ],
      "mean_within_snr": 0.1116255670785904,
      "gaussian_predicted": 0.4559411728715175,
      "n_within_pairs": 18,
      "n_between_pairs": 48
    },
    "0.3": {
      "rho": 0.3,
      "n_models": 50,
      "n_test": 600,
      "accuracy": 0.7893333333333333,
      "mean_within": 0.16875694782272457,
      "within_ci": [
        0.14875444633408919,
        0.189443106870516
      ],
      "mean_between": 0.11015878684807257,
      "gap": 0.05859816097465201,
      "gap_ci": [
        0.037455324992786074,
        0.07826935371538626
      ],
      "mean_within_snr": 0.1200379803776741,
      "gaussian_predicted": 0.4524122974585523,
      "n_within_pairs": 18,
      "n_between_pairs": 48
    },
    "0.5": {
      "rho": 0.5,
      "n_models": 50,
      "n_test": 600,
      "accuracy": 0.8335666666666667,
      "mean_within": 0.19470045351473922,
      "within_ci": [
        0.17643270975056694,
        0.2158236375661376
      ],
      "mean_between": 0.11365172902494332,
      "gap": 0.0810487244897959,
      "gap_ci": [
        0.058372062074829936,
        0.10394263274754346
      ],
      "mean_within_snr": 0.05992531031370163,
      "gaussian_predicted": 0.47615366867608966,
      "n_within_pairs": 18,
      "n_between_pairs": 48
    },
    "0.7": {
      "rho": 0.7,
      "n_models": 50,
      "n_test": 600,
      "accuracy": 0.8463666666666666,
      "mean_within": 0.22276281179138324,
      "within_ci": [
        0.19045801965230535,
        0.2514556009070295
      ],
      "mean_between": 0.11876533446712019,
      "gap": 0.10399747732426305,
      "gap_ci": [
        0.07182384306500378,
        0.13021763747165538
      ],
      "mean_within_snr": 0.10854598879814148,
      "gaussian_predicted": 0.45684968939528936,
      "n_within_pairs": 18,
      "n_between_pairs": 48
    },
    "0.85": {
      "rho": 0.85,
      "n_models": 50,
      "n_test": 600,
      "accuracy": 0.8483666666666668,
      "mean_within": 0.2887451247165533,
      "within_ci": [
        0.27158594293272864,
        0.3073559240362811
      ],
      "mean_between": 0.12869614512471658,
      "gap": 0.1600489795918367,
      "gap_ci": [
        0.14142362788170823,
        0.18027183460884352
      ],
      "mean_within_snr": 0.08595559746026993,
      "gaussian_predicted": 0.4658208511546717,
      "n_within_pairs": 18,
      "n_between_pairs": 48
    },
    "0.95": {
      "rho": 0.95,
      "n_models": 50,
      "n_test": 600,
      "accuracy": 0.8722333333333332,
      "mean_within": 0.3501457294028723,
      "within_ci": [
        0.3356386734693878,
        0.36416219954648527
      ],
      "mean_between": 0.14603310657596372,
      "gap": 0.2041126228269086,
      "gap_ci": [
        0.18793684736394556,
        0.21906008078231295
      ],
      "mean_within_snr": 0.0749698206782341,
      "gaussian_predicted": 0.4701677583317301,
      "n_within_pairs": 18,
      "n_between_pairs": 48
    },
    "0.99": {
      "rho": 0.99,
      "n_models": 50,
      "n_test": 600,
      "accuracy": 0.8587999999999998,
      "mean_within": 0.3850473922902495,
      "within_ci": [
        0.3423756538170824,
        0.4202240003779289
      ],
      "mean_between": 0.15953390022675737,
      "gap": 0.2255134920634921,
      "gap_ci": [
        0.18180479851662884,
        0.26161561389833715
      ],
      "mean_within_snr": 0.04513627663254738,
      "gaussian_predicted": 0.4820125651803679,
      "n_within_pairs": 18,
      "n_between_pairs": 48
    }
  },
  "null_model": {
    "c": 1.0608563891643317,
    "r2": 0.9249857093569492,
    "predictions": [
      0.14437758555069585,
      0.15577082051272062,
      0.17911877779254326,
      0.22434434255445135,
      0.28813519424831635,
      0.37022695863449234,
      0.44051950719475796
    ]
  },
  "gaussian_corrected": {
    "r2": -6.082925027024746,
    "predictions": [
      0.4559411728715175,
      0.4524122974585523,
      0.47615366867608966,
      0.45684968939528936,
      0.4658208511546717,
      0.4701677583317301,
      0.4820125651803679
    ]
  },
  "elapsed_seconds": 935.5739259719849
}