{
  "oq31_dash_tie": {
    "Breast_Cancer": {
      "within_rashomon_frac": 0.184475721323012,
      "between_rashomon_frac": 0.19403020624695502,
      "ratio": 0.9507577448442104,
      "pearson_r": -0.01698247946616932,
      "pearson_p": 0.7239355039651012
    },
    "Wine": {
      "within_rashomon_frac": 0.05170068027210884,
      "between_rashomon_frac": 0.10690612244897958,
      "ratio": 0.48360822643046225,
      "pearson_r": -0.06400166259103059,
      "pearson_p": 0.5777374403593256
    },
    "Diabetes": {
      "within_rashomon_frac": 0.41836734693877553,
      "between_rashomon_frac": 0.22984337921214995,
      "ratio": 1.8202279672916497,
      "pearson_r": 0.1982866161626161,
      "pearson_p": 0.19164590121003217
    },
    "California": {
      "within_rashomon_frac": 0.30122448979591837,
      "between_rashomon_frac": 0.052093726379440666,
      "ratio": 5.782356355194429,
      "pearson_r": 0.38949106190330046,
      "pearson_p": 0.040488041841314916
    },
    "PMLB_clean1": {
      "within_rashomon_frac": 0.3653544575725027,
      "between_rashomon_frac": 0.30142338812408304,
      "ratio": 1.2120972425076117,
      "pearson_r": 0.08983703803875269,
      "pearson_p": 2.423087839264544e-10
    },
    "PMLB_vehicle": {
      "within_rashomon_frac": 0.10513722730471498,
      "between_rashomon_frac": 0.08083351235230933,
      "ratio": 1.3006638490045932,
      "pearson_r": 0.07776342930262467,
      "pearson_p": 0.33935521238405225
    }
  },
  "oq30_coverage_conflict": {
    "Breast_Cancer": {
      "snr_vs_flip_spearman": -0.9657187487021216,
      "gaussian_prediction_pearson": 0.9823523144881599,
      "gaussian_r_squared": 0.9616096462286509,
      "n_pairs": 435
    },
    "Wine": {
      "snr_vs_flip_spearman": -0.8870461408932807,
      "gaussian_prediction_pearson": 0.9898836862337583,
      "gaussian_r_squared": 0.9798313489095746,
      "n_pairs": 78
    },
    "Diabetes": {
      "snr_vs_flip_spearman": -0.9612144989874777,
      "gaussian_prediction_pearson": 0.986079063099416,
      "gaussian_r_squared": 0.9688748037168019,
      "n_pairs": 45
    },
    "California": {
      "snr_vs_flip_spearman": -0.7766544556635877,
      "gaussian_prediction_pearson": 0.980307950014634,
      "gaussian_r_squared": 0.9461417687475172,
      "n_pairs": 28
    },
    "PMLB_clean1": {
      "snr_vs_flip_spearman": -0.975992426638057,
      "gaussian_prediction_pearson": 0.974838435214926,
      "gaussian_r_squared": 0.949020160686131,
      "n_pairs": 4950
    },
    "PMLB_vehicle": {
      "snr_vs_flip_spearman": -0.8402523391976735,
      "gaussian_prediction_pearson": 0.989137083012224,
      "gaussian_r_squared": 0.9778049910988336,
      "n_pairs": 153
    }
  },
  "oq39_approx_symmetry": {
    "sweep": [
      {
        "rho": 0.3,
        "within_flip": 0.12666666666666668,
        "between_flip": 0.002916666666666667,
        "eta_exact": 0.75,
        "eta_approx": 0.2125984251968504,
        "eta_pr": 0.21259842519685046
      },
      {
        "rho": 0.4,
        "within_flip": 0.16666666666666669,
        "between_flip": 0.011250000000000001,
        "eta_exact": 0.75,
        "eta_approx": 0.3243243243243244,
        "eta_pr": 0.32432432432432434
      },
      {
        "rho": 0.5,
        "within_flip": 0.2277777777777778,
        "between_flip": 0.004166666666666667,
        "eta_exact": 0.75,
        "eta_approx": 0.42857142857142855,
        "eta_pr": 0.4285714285714286
      },
      {
        "rho": 0.6,
        "within_flip": 0.22888888888888884,
        "between_flip": 0.0016666666666666668,
        "eta_exact": 0.75,
        "eta_approx": 0.5192307692307693,
        "eta_pr": 0.5192307692307693
      },
      {
        "rho": 0.7,
        "within_flip": 0.23111111111111113,
        "between_flip": 0.004166666666666667,
        "eta_exact": 0.75,
        "eta_approx": 0.5951417004048583,
        "eta_pr": 0.5951417004048583
      },
      {
        "rho": 0.8,
        "within_flip": 0.17777777777777778,
        "between_flip": 0.011250000000000001,
        "eta_exact": 0.75,
        "eta_approx": 0.6575342465753425,
        "eta_pr": 0.6575342465753424
      },
      {
        "rho": 0.9,
        "within_flip": 0.21333333333333335,
        "between_flip": 0.02416666666666667,
        "eta_exact": 0.75,
        "eta_approx": 0.7084548104956269,
        "eta_pr": 0.7084548104956269
      },
      {
        "rho": 0.95,
        "within_flip": 0.3177777777777778,
        "between_flip": 0.013333333333333334,
        "eta_exact": 0.75,
        "eta_approx": 0.7302764666217127,
        "eta_pr": 0.7302764666217127
      },
      {
        "rho": 0.99,
        "within_flip": 0.23444444444444443,
        "between_flip": 0.03666666666666666,
        "eta_exact": 0.75,
        "eta_approx": 0.746212217343857,
        "eta_pr": 0.746212217343857
      }
    ],
    "eta_approx_r2_raw": -50.87041441527894,
    "eta_approx_r2_calibrated": 0.07248775529005791,
    "calibration_slope": 0.37221425239149947,
    "spearman": 0.7333333333333334
  },
  "oq50_topology": {
    "Breast_Cancer": {
      "silhouette": 0.1089795344236594,
      "cluster_sizes": [
        "31",
        "19"
      ],
      "ks_stat": 0.04509283819628647,
      "ks_p": 0.9998487842666706,
      "bimodal": false
    },
    "Wine": {
      "silhouette": 0.14534723744687128,
      "cluster_sizes": [
        "25",
        "25"
      ],
      "ks_stat": 0.28,
      "ks_p": 0.9461591040538411,
      "bimodal": false
    },
    "Diabetes": {
      "silhouette": 0.20366231074725913,
      "cluster_sizes": [
        "29",
        "21"
      ],
      "ks_stat": 0.6511627906976745,
      "ks_p": 0.27474747474747474,
      "bimodal": false
    },
    "California": {
      "silhouette": 0.33465949571745257,
      "cluster_sizes": [
        "18",
        "32"
      ],
      "ks_stat": 0.9259259259259259,
      "ks_p": 0.21428571428571427,
      "bimodal": false
    },
    "PMLB_clean1": {
      "silhouette": 0.0731120402857075,
      "cluster_sizes": [
        "28",
        "22"
      ],
      "ks_stat": 0.1823512585812357,
      "ks_p": 8.954634108077667e-09,
      "bimodal": true
    },
    "PMLB_vehicle": {
      "silhouette": 0.13468303102847884,
      "cluster_sizes": [
        "15",
        "35"
      ],
      "ks_stat": 0.0998185117967332,
      "ks_p": 0.8203039687184818,
      "bimodal": false
    }
  },
  "oq49_conformal": {
    "Breast_Cancer": {
      "mean_coverage": 0.86,
      "target_coverage": 0.9,
      "mean_width": 0.38272414351378886,
      "relative_width": 1.0435758031500548,
      "n_unreliable": 2,
      "P": 30
    },
    "Wine": {
      "mean_coverage": 0.8830769230769231,
      "target_coverage": 0.9,
      "mean_width": 0.16673528297360127,
      "relative_width": 0.6192759845583518,
      "n_unreliable": 1,
      "P": 13
    },
    "Diabetes": {
      "mean_coverage": 0.8400000000000001,
      "target_coverage": 0.9,
      "mean_width": 6.9745060611724865,
      "relative_width": 0.7193430010331323,
      "n_unreliable": 2,
      "P": 10
    },
    "California": {
      "mean_coverage": 0.8800000000000001,
      "target_coverage": 0.9,
      "mean_width": 0.09680390786379577,
      "relative_width": 0.5058497678124684,
      "n_unreliable": 1,
      "P": 8
    },
    "PMLB_clean1": {
      "mean_coverage": 0.8724000000000001,
      "target_coverage": 0.9,
      "mean_width": 0.15328888230249288,
      "relative_width": 1.370875310667589,
      "n_unreliable": 11,
      "P": 100
    },
    "PMLB_vehicle": {
      "mean_coverage": 0.8444444444444446,
      "target_coverage": 0.9,
      "mean_width": 0.10458876945575077,
      "relative_width": 0.31782039461652617,
      "n_unreliable": 1,
      "P": 18
    }
  },
  "oq47_regularization": {
    "Breast_Cancer": {
      "low_reg": 0.13388505747126436,
      "med_reg": 0.13751724137931035,
      "high_reg": 0.19365517241379313,
      "prediction_confirmed": false
    },