{
  "linear_200": {
    "r": [
      0.05,
      0.06,
      0.07,
      0.085,
      0.105,
      0.13,
      0.155,
      0.19,
      0.23,
      0.28,
      0.34,
      0.41,
      0.5,
      0.605,
      0.73,
      0.885,
      1.075,
      1.305,
      1.58,
      1.915,
      2.32,
      2.81,
      3.405,
      4.125,
      5.0
    ],
    "flip_rate": [
      0.07586666666666667,
      0.15181818181818182,
      0.14984615384615385,
      0.20070588235294118,
      0.2645142857142857,
      0.2835384615384615,
      0.3076043010752688,
      0.3199857752489331,
      0.33890048309178744,
      0.3691440329218107,
      0.3950242914979757,
      0.41538617886178864,
      0.4229757085020243,
      0.43870731707317073,
      0.4542056451612903,
      0.44398387096774194,
      0.43901408450704227,
      0.4318949494949495,
      0.40426104417670683,
      0.4152128514056225,
      0.415656,
      0.4115967741935484,
      0.4052384769539078,
      0.4086827309236948,
      0.404144
    ],
    "test_mse": [
      1.0576025683060029,
      1.073164356454042,
      1.4050004232941609,
      1.3879197442945628,
      1.28975988006144,
      1.3984524012609034,
      1.4523347390744101,
      1.6702147866190544,
      1.739023333186919,
      2.230235443255884,
      2.3956405520765633,
      2.6493738002428655,
      4.775645962687145,
      6.699023634029142,
      6.734810591388218,
      7.074835845490347,
      9.60829212843693,
      11.623958065930754,
      11.20500981110288,
      12.769915995840874,
      14.391611657413828,
      14.41581580987963,
      14.945087493507353,
      14.633567855557398,
      16.802606630031974
    ],
    "sigmoid": {
      "L": 0.4188136279119494,
      "k": 15.632231594007253,
      "r_star": 0.09866305113469778,
      "R2": 0.9543419746313512
    },
    "r_star_ci95": [
      0.07419779091641145,
      0.11817626355696877
    ]
  },
  "linear_500": {
    "r": [
      0.05,
      0.06,
      0.072,
      0.088,
      0.106,
      0.13,
      0.158,
      0.19,
      0.232,
      0.28,
      0.34,
      0.412,
      0.498,
      0.604,
      0.732,
      0.888,
      1.076,
      1.304,
      1.58,
      1.914,
      2.32,
      2.81,
      3.406,
      4.126,
      5.0
    ],
    "flip_rate": [
      0.2710666666666667,
      0.29524597701149424,
      0.3074349206349206,
      0.33276109936575055,
      0.3133603238866397,
      0.3581619433198381,
      0.39355918367346937,
      0.39529718875502007,
      0.4219275653923541,
      0.4311935483870968,
      0.42854325955734407,
      0.4482374245472837,
      0.4578913480885312,
      0.47112625250501,
      0.4695190380761523,
      0.461288,
      0.46016,
      0.44564,
      0.43968,
      0.43117034068136273,
      0.43019315895372234,
      0.4195983935742972,
      0.425948,
      0.417448,
      0.414348
    ],
    "test_mse": [
      1.0736063319753115,
      1.2243479662085195,
      1.1442190527362366,
      1.0937945081210716,
      1.404800857125654,
      1.324844983507277,
      1.4395741077555444,
      1.6139214027614313,
      1.6733009311297165,
      1.7965694460674058,
      2.2678600946910885,
      2.977900677153422,
      4.306929261634489,
      9.804291716156232,
      7.76687488336818,
      8.415614647302407,
      9.310886349803047,
      9.699557649536588,
      12.1948960861639,
      13.083652429430215,
      14.3642919705691,
      13.942951532018057,
      14.496187801175708,
      14.458860499672573,
      15.860446834755862
    ],
    "sigmoid": {
      "L": 0.4424020386326714,
      "k": 12.509163438442618,
      "r_star": 0.010104741143440064,
      "R2": 0.9230262057086357
    },
    "r_star_ci95": [
      4.4702971886608613e-10,
      0.025058638549001273
    ]
  },
  "tree": {
    "r": [
      0.025,
      0.03,
      0.035,
      0.04,
      0.05,
      0.065,
      0.08,
      0.095,
      0.115,
      0.14,
      0.17,
      0.21,
      0.255,
      0.31,
      0.375,
      0.455,
      0.555,
      0.675,
      0.82,
      1.0
    ],
    "flip_rate": [
      0.1306,
      0.10893333333333333,
      0.13495238095238096,
      0.13607142857142857,
      0.2000888888888889,
      0.26382051282051283,
      0.2751166666666667,
      0.3155438596491228,
      0.3411936758893281,
      0.3632726291221441,
      0.3867796706862249,
      0.41828905948489514,
      0.4145361029647387,
      0.414437074753668,
      0.4331078611354106,
      0.4386941266961998,
      0.4403694939856308,
      0.44723318424975883,
      0.4509205186578244,
      0.4466684169073248
    ],
    "test_mse": [
      3.752926225929841,
      3.268513005977352,
      3.832969560692427,
      4.178241177701475,
      3.22061287118421,
      3.897489782903676,
      4.307331430998359,
      3.9825441849787704,
      4.710418223061714,
      4.8065298285803255,
      5.470420305438194,
      5.254565718203351,
      5.054554951330032,
      4.775827948267493,
      4.588652941241598,
      5.841861106464738,
      6.667524218001993,
      7.332416302449854,
      5.663748313663344,
      5.835061736834515
    ],
    "sigmoid": {
      "L": 0.43243863490824164,
      "k": 25.9465862294352,
      "r_star": 0.06086989124461817,
      "R2": 0.9818241263711295
    },
    "r_star_ci95": [
      0.05420069592027735,
      0.06845834105792922
    ]
  },
  "hypothesis_tests": {
    "linear_r_star_in_range": false,
    "sharper_with_larger_n": false,
    "tree_r_star_in_range": false
  },
  "runtime_seconds": 121.5
}