{
  "experiment": "noether_counting_v2",
  "config": {
    "P": 12,
    "G": 3,
    "group_size": 4,
    "rho_within": 0.99,
    "rho_between": 0.0,
    "betas": [
      5.0,
      5.0,
      5.0,
      5.0,
      2.0,
      2.0,
      2.0,
      2.0,
      0.5,
      0.5,
      0.5,
      0.5
    ],
    "n_train": 500,
    "n_test": 100,
    "noise_std": 1.0,
    "n_models": 200,
    "seed": 42,
    "model": "Ridge(alpha=0.01)"
  },
  "ridge_results": {
    "within_group": {
      "mean": 0.4997710776102736,
      "ci_lower": 0.4980597431602456,
      "ci_upper": 0.501284198771636,
      "min": 0.49120603015075376,
      "max": 0.5025125628140703,
      "n_pairs": 18,
      "n_unstable_gt40": 18,
      "all_rates": [
        0.5023115577889448,
        0.5000502512562814,
        0.502462311557789,
        0.5025125628140703,
        0.502462311557789,
        0.4964321608040201,
        0.5012562814070352,
        0.49748743718592964,
        0.502462311557789,
        0.5023115577889448,
        0.5025125628140703,
        0.502462311557789,
        0.49527638190954776,
        0.5012562814070352,
        0.49266331658291457,
        0.49120603015075376,
        0.5023115577889448,
        0.49844221105527636
      ]
    },
    "between_group": {
      "mean": 0.0014562395309882746,
      "ci_lower": 0.0004166666666666667,
      "ci_upper": 0.002702051926298158,
      "min": 0.0,
      "max": 0.019899497487437186,
      "n_pairs": 48,
      "n_stable_lt5": 48,
      "all_rates": [
        0.0,
        0.0,
        0.0,
        0.0,
        0.0,
        0.0,
        0.0,
        0.0,
        0.0,
        0.0,
        0.0,
        0.0,
        0.0,
        0.0,
        0.0,
        0.0,
        0.0,
        0.0,
        0.0,
        0.0,
        0.0,
        0.0,
        0.0,
        0.0,
        0.0,
        0.0,
        0.0,
        0.0,
        0.0,
        0.0,
        0.0,
        0.0,
        0.01,
        0.01,
        0.019899497487437186,
        0.0,
        0.01,
        0.0,
        0.01,
        0.0,
        0.0,
        0.0,
        0.0,
        0.0,
        0.0,
        0.0,
        0.01,
        0.0
      ]
    },
    "separation_gap": 0.47130653266331657,
    "mann_whitney_U": 864.0,
    "mann_whitney_p": 2.714580977246267e-13
  },
  "noether_prediction": {
    "g_g_minus_1_over_2": 3,
    "between_group_all_stable": true,
    "within_group_all_unstable": true,
    "prediction_confirmed": true
  },
  "xgboost_results": {
    "within_group": {
      "mean": 0.4762116136236739,
      "min": 0.4138693467336683,
      "max": 0.5020603015075377,
      "n_pairs": 18,
      "all_rates": [
        0.4879899497487437,
        0.45422110552763817,
        0.4477889447236181,
        0.4824120603015075,
        0.48035175879396985,
        0.5012562814070352,
        0.49120603015075376,
        0.47110552763819097,
        0.46587939698492464,
        0.5020603015075377,
        0.5007035175879397,
        0.5012562814070352,
        0.46587939698492464,
        0.4138693467336683,
        0.4337185929648241,
        0.4824120603015075,
        0.4879899497487437,
        0.5017085427135678
      ]
    },
    "between_group": {
      "mean": 0.0008333333333333334,
      "min": 0.0,
      "max": 0.01,
      "n_pairs": 48,
      "all_rates": [
        0.0,
        0.0,
        0.01,
        0.01,
        0.0,
        0.0,
        0.0,
        0.0,
        0.0,
        0.0,
        0.0,
        0.01,
        0.0,
        0.0,
        0.0,
        0.0,
        0.0,
        0.0,
        0.0,
        0.01,
        0.0,
        0.0,
        0.0,
        0.0,
        0.0,
        0.0,
        0.0,
        0.0,
        0.0,
        0.0,
        0.0,
        0.0,
        0.0,
        0.0,
        0.0,
        0.0,
        0.0,
        0.0,
        0.0,
        0.0,
        0.0,
        0.0,
        0.0,
        0.0,
        0.0,
        0.0,
        0.0,
        0.0
      ]
    }
  },
  "_timestamp": "2026-04-14 01:24:09"
}