{
  "config": "Small (4L/4H/d256)",
  "n_components": 20,
  "n_invariant": 8,
  "eta_predicted": 0.6,
  "ablation_method": "weight_zeroing",
  "pre_registered": {
    "ppl_cv_lt_5": true,
    "full_rho_lt_0.70": true,
    "ginv_rho_gt_0.80": true,
    "head_lift_gt_0.15": true,
    "within_flip_gt_0.40": true,
    "between_flip_lt_0.15": true,
    "perm_test_p_lt_0.01": true
  },
  "perplexity": {
    "mean": 8.583950589352366,
    "cv_pct": 0.6591183790015688,
    "per_model": [
      8.600886643837084,
      8.697689962324425,
      8.478245982387241,
      8.59130601737181,
      8.5701632565877,
      8.54529023025134,
      8.587102470887107,
      8.587554493705683,
      8.536953109961267,
      8.644313726210001
    ]
  },
  "split_half_reliability": {
    "pearson": 0.9998199585506722,
    "spearman": 0.9909774436090225
  },
  "full_agreement": {
    "mean_spearman": 0.5647117794486216,
    "ci_95": [
      0.5266499582289055,
      0.6026065162907268
    ],
    "mean_pearson": 0.9268618949309794,
    "all_spearman": [
      0.58796992481203,
      0.706766917293233,
      0.5293233082706766,
      0.5203007518796992,
      0.41503759398496237,
      0.9278195488721804,
      0.5924812030075187,
      0.3714285714285714,
      0.4766917293233082,
      0.4872180451127819,
      0.8075187969924811,
      0.4977443609022556,
      0.544360902255639,
      0.6466165413533834,
      0.544360902255639,
      0.5383458646616541,
      0.7729323308270677,
      0.5067669172932331,
      0.5729323308270676,
      0.5037593984962406,
      0.6661654135338345,
      0.5503759398496241,
      0.724812030075188,
      0.43458646616541347,
      0.31729323308270674,
      0.724812030075188,
      0.6390977443609022,
      0.4285714285714286,
      0.5097744360902255,
      0.6270676691729322,
      0.6225563909774435,
      0.4496240601503759,
      0.6,
      0.7022556390977444,
      0.556390977443609,
      0.38947368421052625,
      0.5669172932330826,
      0.7127819548872181,
      0.6285714285714286,
      0.4120300751879699,
      0.4060150375939849,
      0.38195488721804516,
      0.4421052631578947,
      0.8210526315789473,
      0.5473684210526315
    ]
  },
  "g_invariant": {
    "mean_spearman": 0.9724867724867723,
    "ci_95": [
      0.966137566137566,
      0.9788359788359787
    ],
    "mean_pearson": 0.9987426081306369
  },
  "excl_mlp": {
    "heads_raw_rho": 0.29104575163398694,
    "heads_raw_ci_95": [
      0.23183006535947714,
      0.3509803921568628
    ],
    "heads_avg_rho": 0.8488888888888886,
    "heads_avg_ci_95": [
      0.8088888888888887,
      0.8844444444444444
    ],
    "head_lift": 0.5578431372549016
  },
  "random_projection_full": {
    "mean": 0.8878465608465609,
    "std": 0.0628340218552905,
    "ginv_percentile": 99.0
  },
  "random_projection_heads": {
    "mean": 0.2998222222222222,
    "std": 0.22311059760897078,
    "meanhead_percentile": 100.0
  },
  "permutation_test": {
    "actual": 0.9724867724867723,
    "null_mean": 0.8361179894179895,
    "null_std": 0.01586004612099735,
    "p_value": 0.0
  },
  "flip_rates": {
    "within_layer": 0.4962962962962963,
    "within_ci_95": [
      0.4666666666666667,
      0.5259259259259259
    ],
    "cross_layer": 0.36064814814814816,
    "head_vs_mlp": 0.0,
    "between_ci_95": [
      0.0,
      0.0
    ],
    "mann_whitney_p_corrected": 1.166884847087596e-18,
    "cohens_d": 5.389180576553019,
    "note": "Mann-Whitney aggregated by model pair (corrected for non-independence)"
  },
  "importance_vectors": [
    [
      0.02659022808074951,
      0.17381880964551666,
      1.152653762272426,
      0.059139047350202256,
      0.2234145573207309,
      0.2668711457933699,
      0.2698448726109097,
      0.31917207581656326,
      0.04038390091487343,
      0.16478696891239686,
      0.16123461723327637,
      0.11577483585902604,
      0.027299591473170626,
      0.029975805963788682,
      0.01890410695757172,
      0.251293420791626,
      5.389640433447701,
      1.2668423312050954,
      0.8456546919686452,
      0.500852414539882
    ],
    [
      0.03357877050127289,
      0.02884430544716965,
      0.10540960516248421,
      1.5969039031437464,
      0.23707120759146538,
      0.21370959281921365,
      0.21404170989990212,
      0.4873745100838798,
      0.03655462605612625,
      0.09388865743364616,
      0.0803578751427787,
      0.08078108515058235,
      0.03620719909667969,
      0.30257504326956597,
      0.030952266284397734,
      0.025049924850463867,
      5.474837439400809,
      1.2120849745614188,
      0.8768749577658517,
      0.4824068205697196
    ],
    [
      0.09283638000488281,
      0.23523713861192963,
      0.539953351020813,
      0.05685104642595573,
      0.3618657759257724,
      0.26372087001800537,
      0.39468668188367584,
      0.11926085608346115,
      0.07728295666830887,
      0.11766699382237045,
      0.032539963722229004,
      0.1265968935830255,
      0.06134460653577545,
      0.06214531830378944,
      0.2890140499387468,
      0.03959223202296669,
      4.778327311788287,
      1.3792111022131786,
      0.9691496406282698,
      0.5144937549318587
    ],
    [
      0.039870194026401906,
      0.016456859452383732,
      0.10444937433515289,
      1.6262261867523193,
      0.2726573603493825,
      0.17448585374014725,
      0.43380386488778244,
      0.2647087574005127,
      0.13276251724788102,
      0.0802725723811557,
      0.06846322332109711,
      0.08671798024858735,
      0.2836669172559465,
      0.02564861093248627,
      0.05589064529963905,
      0.024442110742841416,
      5.319366421018328,
      1.2463359151567732,
      0.8896994590759277,
      0.5086594990321567
    ],
    [
      1.7757508414132253,
      0.09196923460279205,
      0.08510509559086366,
      0.00941821507045204,
      0.17251196929386658,
      0.22209208352225174,
      0.2601184844970703,
      0.5057316507611955,
      0.10161502020699631,
      0.05415156909397667,
      0.0502830403191703,
      0.14505640098026795,
      0.037770867347717285,
      0.3329516478947232,
      0.030416233198983234,
      0.05473126683916352,
      5.204816102981567,
      1.2993152141571045,
      0.8941020284380232,
      0.49818308012826096
    ],
    [
      0.8241298368998935,
      0.06872103895459847,
      0.032727633203778916,
      0.1828511783054898,
      0.25983141149793365,
      0.38397961003439773,
      0.18594716276441314,
      0.23931304046085877,
      0.14407675606863846,
      0.11527761391230973,
      0.12810565744127533,
      0.03206145763397217,
      0.32284247875213623,
      0.028407062802995986,
      0.03598225116729736,
      0.022952488490513234,
      5.205348440579005,
      1.2260295833860124,
      0.855730720928737,
      0.5191318818501065
    ],
    [
      0.009481923920767521,
      0.021157230649675673,
      2.053664445877075,
      0.06836535249437592,
      0.22596989359174469,
      0.216888427734375,
      0.2345787116459439,
      0.4268650668007985,
      0.06170201301574707,
      0.08891381536211274,
      0.1175994532448903,
      0.12020501068660172,
      0.04640620095389214,
      0.04181265830993652,
      0.024656925882611924,
      0.22596917833600738,
      5.027063778468541,
      1.3118730953761508,
      0.8732150282178606,
      0.4822400638035367
    ],
    [
      0.054531999996730196,
      2.0598585946219305,
      0.014983483723231661,
      0.05978936808449875,
      0.29993002755301323,
      0.23956945964268272,
      0.28701002257210884,
      0.20026658262525276,
      0.04988632883344368,
      0.12284978798457558,
      0.09970727988651817,
      0.09340815884726372,
      0.08100324017660943,
      0.12595725059509255,
      0.02777286938258583,
      0.05404233932495117,
      4.759479795183454,
      1.3806747027805872,
      0.9292556217738561,
      0.5081335476466589
    ],
    [
      1.5156334808894567,
      0.03585968698774078,
