{
  "experiment": "mech_interp_definitive_v2",
  "status": "SUCCESS",
  "architecture": "2-layer transformer, 4 heads/layer, d=128",
  "task": "modular addition mod 113",
  "training": "from random initialization (NO pretrained weights)",
  "measurement": "activation patching (heads + MLPs)",
  "confounds_eliminated": [
    "No pretrained weights (0% shared, vs 99.3% in LoRA v1)",
    "Task requires genuine learning (grokking)",
    "No classifier head (logit for correct token)"
  ],
  "n_total_models": 10,
  "n_grokked": 10,
  "n_rashomon_models": 10,
  "rashomon_threshold": 0.01,
  "rashomon_accuracy_range": 0.0,
  "all_accuracies": [
    1.0,
    1.0,
    1.0,
    1.0,
    1.0,
    1.0,
    1.0,
    1.0,
    1.0,
    1.0
  ],
  "rashomon_accuracies": [
    1.0,
    1.0,
    1.0,
    1.0,
    1.0,
    1.0,
    1.0,
    1.0,
    1.0,
    1.0
  ],
  "grokked": [
    true,
    true,
    true,
    true,
    true,
    true,
    true,
    true,
    true,
    true
  ],
  "primary_metric": {
    "mean_spearman_rho": 0.5178451178451179,
    "std_spearman_rho": 0.3158333870630605,
    "min_spearman_rho": -0.17575757575757575,
    "max_spearman_rho": 0.9393939393939393,
    "all_spearman_rhos": [
      0.2121212121212121,
      -0.05454545454545454,
      -0.01818181818181818,
      -0.17575757575757575,
      0.13939393939393938,
      -0.01818181818181818,
      0.7454545454545454,
      0.16363636363636364,
      -0.11515151515151514,
      0.7333333333333332,
      0.5757575757575757,
      0.6242424242424242,
      0.8181818181818182,
      0.4545454545454545,
      0.35757575757575755,
      0.4545454545454545,
      0.7818181818181817,
      0.8545454545454544,
      0.8424242424242423,
      0.8303030303030302,
      0.5636363636363636,
      0.28484848484848485,
      0.6484848484848483,
      0.9393939393939393,
      0.7212121212121211,
      0.8666666666666665,
      0.6121212121212121,
      0.5030303030303029,
      0.6,
      0.8666666666666665,
      0.7696969696969697,
      0.8181818181818182,
      -0.01818181818181818,
      0.6969696969696969,
      0.8909090909090909,
      0.5757575757575757,
      0.4424242424242424,
      0.5636363636363636,
      0.8545454545454544,
      0.13939393939393938,
      0.7454545454545454,
      0.7454545454545454,
      0.2727272727272727,
      0.24848484848484845,
      0.7454545454545454
    ]
  },
  "flip_rate": {
    "mean": 0.299753086419753,
    "all": [
      0.4222222222222222,
      0.5111111111111111,
      0.5333333333333333,
      0.5777777777777777,
      0.4444444444444444,
      0.5111111111111111,
      0.24444444444444444,
      0.4222222222222222,
      0.5777777777777777,
      0.2222222222222222,
      0.28888888888888886,
      0.24444444444444444,
      0.15555555555555556,
      0.35555555555555557,
      0.35555555555555557,
      0.35555555555555557,
      0.2,
      0.15555555555555556,
      0.15555555555555556,
      0.15555555555555556,
      0.26666666666666666,
      0.4,
      0.2222222222222222,
      0.06666666666666667,
      0.26666666666666666,
      0.13333333333333333,
      0.28888888888888886,
      0.28888888888888886,
      0.28888888888888886,
      0.13333333333333333,
      0.2222222222222222,
      0.15555555555555556,
      0.5555555555555556,
      0.2,
      0.13333333333333333,
      0.28888888888888886,
      0.3333333333333333,
      0.28888888888888886,
      0.13333333333333333,
      0.4888888888888889,
      0.17777777777777778,
      0.2,
      0.4444444444444444,
      0.4222222222222222,
      0.2
    ]
  },
  "jaccard": {
    "3": {
      "mean": 0.3555555555555555,
      "std": 0.20061633428075318,
      "min": 0.2,
      "max": 1.0
    },
    "5": {
      "mean": 0.5572310405643739,
      "std": 0.25183530147824185,
      "min": 0.1111111111111111,
      "max": 1.0
    },
    "8": {
      "mean": 0.8004938271604939,
      "std": 0.13104948448208745,
      "min": 0.6,
      "max": 1.0
    }
  },
  "fourier": {
    "mean_frequency_jaccard": 0.022486772486772486,
    "per_model": {
      "0": {
        "top_frequencies": [
          100,
          13,
          21,
          92,
          76
        ],
        "top_powers": [
          14.06535921778621,
          14.065359217786206,
          12.493145643712072,
          12.49314564371207,
          10.354977204859193
        ],
        "total_power": 320.8179437582823,
        "dc_power": 6.9729912526795275
      },
      "1": {
        "top_frequencies": [
          107,
          6,
          62,
          51,
          70
        ],
        "top_powers": [
          10.677035761670286,
          10.677035761670286,
          9.211029996989865,
          9.211029996989863,
          8.953189316816369
        ],
        "total_power": 284.38270759317,
        "dc_power": 3.3582483208088147
      },
      "2": {
        "top_frequencies": [
          60,
          53,
          3,
          110,
          105
        ],
        "top_powers": [
          9.859569034672404,
          9.859569034672404,
          8.022633518858663,
          8.022633518858663,
          7.43686967275405
        ],
        "total_power": 278.4170820714276,
        "dc_power": 4.523220782673352
      },
      "3": {
        "top_frequencies": [
          45,
          68,
          91,
          22,
          73
        ],
        "top_powers": [
          11.972530031265403,
          11.972530031265402,
          10.279205216029137,
          10.279205216029133,
          9.785227554511774
        ],
        "total_power": 283.9355076905849,
        "dc_power": 3.7244557424815703
      },
      "4": {
        "top_frequencies": [
          37,
          76,
          5,
          108,
          8
        ],
        "top_powers": [
          11.729206322135173,
          11.72920632213517,
          10.9400413635689,
          10.940041363568898,
          10.804438246483784
        ],
        "total_power": 305.72593926765757,
        "dc_power": 3.7226205980926785
      },
      "5": {
        "top_frequencies": [
          67,
          46,
          24,
          89,
          7
        ],
        "top_powers": [
          9.537749517834703,
          9.537749517834703,
          9.405257409224808,
          9.405257409224808,
          8.821272573758703
        ],
        "total_power": 276.13276337644055,
        "dc_power": 3.3149421504484264
      },
      "6": {
        "top_frequencies": [
          64,
          49,
          26,
          87,
          84
        ],
        "top_powers": [
          10.69268068781169,
          10.69268068781169,
          8.896323344170652,
          8.896323344170652,
          6.711628244522519
        ],
        "total_power": 275.9585260604918,
        "dc_power": 2.939731042390828
      },
      "7": {
        "top_frequencies": [
          103,
          10,
          40,
          73,
          55
        ],
        "top_powers": [
          6.385270920695192,
          6.385270920695192,
          6.236476026438028,
          6.236476026438028,
          6.01166383060649
        ],
        "total_power": 84.80818925273537,
        "dc_power": 3.0955021421896305
      },
      "8": {
        "top_frequencies": [
          53,
          60,
          26,
          87,
          3
        ],
        "top_powers": [
          15.919760000148566,
          15.919760000148562,
          14.459312688582,
          14.459312688581997,
          13.205560119630086
        ],
        "total_power": 305.9999847675627,
        "dc_power": 7.052441826363268
      },
      "9": {
        "top_frequencies": [
          15,
          98,
          82,
          31,
          6
        ],
        "top_powers": [
          17.72308446234734,
          17.72308446234734,
          14.971600468228942,
          14.971600468228942,
          12.52184707172768
        ],
        "total_power": 322.3950518208042,
        "dc_power": 4.092427756767511
      }
    }
  },