{
  "experiment": "noether_sensitivity",
  "config": {
    "P": 12,
    "G": 3,
    "group_size": 4,
    "betas": [
      5.0,
      5.0,
      5.0,
      5.0,
      2.0,
      2.0,
      2.0,
      2.0,
      0.5,
      0.5,
      0.5,
      0.5
    ],
    "rho_between": 0.0,
    "rho_values": [
      0.5,
      0.6,
      0.7,
      0.8,
      0.85,
      0.9,
      0.95,
      0.99
    ],
    "n_train": 500,
    "noise_std": 1.0,
    "n_models": 200,
    "seed": 42,
    "model": "Ridge(alpha=0.01)",
    "n_permutations": 5000
  },
  "results": [
    {
      "rho": 0.5,
      "mean_within": 0.5000865438302625,
      "mean_between": 0.0,
      "gap": 0.5000865438302625,
      "gap_ci_95": [
        0.4986850921273033,
        0.5013484087102177
      ],
      "permutation_p": 0.0001999600079984003,
      "within_rates": [
        0.5007035175879397,
        0.5025125628140703,
        0.4992964824120603,
        0.5012562814070352,
        0.5017085427135678,
        0.49748743718592964,
        0.502462311557789,
        0.49527638190954776,
        0.5012562814070352,
        0.5020603015075377,
        0.502462311557789,
        0.502462311557789,
        0.49266331658291457,
        0.5020603015075377,
        0.5007035175879397,
        0.4964321608040201,
        0.5023115577889448,
        0.49844221105527636
      ],
      "between_rates": [
        0.0,
        0.0,
        0.0,
        0.0,
        0.0,
        0.0,
        0.0,
        0.0,
        0.0,
        0.0,
        0.0,
        0.0,
        0.0,
        0.0,
        0.0,
        0.0,
        0.0,
        0.0,
        0.0,
        0.0,
        0.0,
        0.0,
        0.0,
        0.0,
        0.0,
        0.0,
        0.0,
        0.0,
        0.0,
        0.0,
        0.0,
        0.0,
        0.0,
        0.0,
        0.0,
        0.0,
        0.0,
        0.0,
        0.0,
        0.0,
        0.0,
        0.0,
        0.0,
        0.0,
        0.0,
        0.0,
        0.0,
        0.0
      ],
      "benjamini_hochberg": {
        "n_unstable": 18,
        "n_stable": 48,
        "within_group_unstable": 18,
        "between_group_unstable": 0,
        "note": "H0: pair is stable (flip_rate~0). BH-corrected at FDR=0.05."
      }
    },
    {
      "rho": 0.6,
      "mean_within": 0.500036292573981,
      "mean_between": 0.0,
      "gap": 0.500036292573981,
      "gap_ci_95": [
        0.4982998324958124,
        0.5014963707426019
      ],
      "permutation_p": 0.0001999600079984003,
      "within_rates": [
        0.5020603015075377,
        0.5023115577889448,
        0.5012562814070352,
        0.5017085427135678,
        0.5023115577889448,
        0.49748743718592964,
        0.502462311557789,
        0.4964321608040201,
        0.5017085427135678,
        0.5020603015075377,
        0.5017085427135678,
        0.5025125628140703,
        0.4896482412060302,
        0.5020603015075377,
        0.4992964824120603,
        0.49402010050251255,
        0.5023115577889448,
        0.4992964824120603
      ],
      "between_rates": [
        0.0,
        0.0,
        0.0,
        0.0,
        0.0,
        0.0,
        0.0,
        0.0,
        0.0,
        0.0,
        0.0,
        0.0,
        0.0,
        0.0,
        0.0,
        0.0,
        0.0,
        0.0,
        0.0,
        0.0,
        0.0,
        0.0,
        0.0,
        0.0,
        0.0,
        0.0,
        0.0,
        0.0,
        0.0,
        0.0,
        0.0,
        0.0,
        0.0,
        0.0,
        0.0,
        0.0,
        0.0,
        0.0,
        0.0,
        0.0,
        0.0,
        0.0,
        0.0,
        0.0,
        0.0,
        0.0,
        0.0,
        0.0
      ],
      "benjamini_hochberg": {
        "n_unstable": 18,
        "n_stable": 48,
        "within_group_unstable": 18,
        "between_group_unstable": 0,
        "note": "H0: pair is stable (flip_rate~0). BH-corrected at FDR=0.05."
      }
    },
    {
      "rho": 0.7,
      "mean_within": 0.49987158012283633,
      "mean_between": 0.0,
      "gap": 0.49987158012283633,
      "gap_ci_95": [
        0.4982551647124511,
        0.5012674483528754
      ],
      "permutation_p": 0.0001999600079984003,
      "within_rates": [
        0.5017085427135678,
        0.5012562814070352,
        0.502462311557789,
        0.5020603015075377,
        0.5023115577889448,
        0.49748743718592964,
        0.5020603015075377,
        0.49402010050251255,
        0.5012562814070352,
        0.5012562814070352,
        0.5023115577889448,
        0.502462311557789,
        0.49266331658291457,
        0.5012562814070352,
        0.49748743718592964,
        0.49402010050251255,
        0.5023115577889448,
        0.4992964824120603
      ],
      "between_rates": [
        0.0,
        0.0,
        0.0,
        0.0,
        0.0,
        0.0,
        0.0,
        0.0,
        0.0,
        0.0,
        0.0,
        0.0,
        0.0,
        0.0,
        0.0,
        0.0,
        0.0,
        0.0,
        0.0,
        0.0,
        0.0,
        0.0,
        0.0,
        0.0,
        0.0,
        0.0,
        0.0,
        0.0,
        0.0,
        0.0,
        0.0,
        0.0,
        0.0,
        0.0,
        0.0,
        0.0,
        0.0,
        0.0,
        0.0,
        0.0,
        0.0,
        0.0,
        0.0,
        0.0,
        0.0,
        0.0,
        0.0,
        0.0
      ],
      "benjamini_hochberg": {
        "n_unstable": 18,
        "n_stable": 48,
        "within_group_unstable": 18,
        "between_group_unstable": 0,
        "note": "H0: pair is stable (flip_rate~0). BH-corrected at FDR=0.05."
      }
    },
    {
      "rho": 0.8,
      "mean_within": 0.4993523171412618,
      "mean_between": 0.0,
      "gap": 0.4993523171412618,
      "gap_ci_95": [
        0.4972892238972641,
        0.5011362367392517
      ],
      "permutation_p": 0.0001999600079984003,
      "within_rates": [
        0.502462311557789,
        0.5000502512562814,
        0.5025125628140703,
        0.5020603015075377,
        0.502462311557789,
        0.49748743718592964,
        0.5012562814070352,
        0.49266331658291457,
        0.5012562814070352,
        0.5017085427135678,
        0.5023115577889448,
        0.502462311557789,
        0.4896482412060302,
        0.5017085427135678,
        0.49402010050251255,
        0.49266331658291457,
        0.5023115577889448,
        0.4992964824120603
      ],
      "between_rates": [
        0.0,
        0.0,
        0.0,
        0.0,
        0.0,
        0.0,
        0.0,
        0.0,
        0.0,
        0.0,
        0.0,
        0.0,
        0.0,
        0.0,
        0.0,
        0.0,
        0.0,
        0.0,
        0.0,
        0.0,
        0.0,
        0.0,
        0.0,
        0.0,
        0.0,
        0.0,
        0.0,
        0.0,
        0.0,
        0.0,
        0.0,
        0.0,
        0.0,
        0.0,
        0.0,
        0.0,
        0.0,
        0.0,
        0.0,
        0.0,
        0.0,
        0.0,
        0.0,
        0.0,
        0.0,
        0.0,
        0.0,
        0.0
      ],
      "benjamini_hochberg": {
        "n_unstable": 18,
        "n_stable": 48,
        "within_group_unstable": 18,
        "between_group_unstable": 0,
        "note": "H0: pair is stable (flip_rate~0). BH-corrected at FDR=0.05."
      }
    },
    {
      "rho": 0.85,
      "mean_within": 0.49953378001116694,
      "mean_between": 0.0,
      "gap": 0.49953378001116694,
      "gap_ci_95": [
        0.4976940256839754,
        0.5011418202121719
      ],
      "permutation_p": 0.0001999600079984003,