{
  "experiment": "MI Non-Uniqueness (MLP Feature Probing)",
  "description": "Demonstrates neuron-level interpretation non-uniqueness across independently trained networks",
  "config": {
    "n_models": 10,
    "hidden_size": 256,
    "top_k": 20,
    "max_iter": 50,
    "seeds": [
      42,
      43,
      44,
      45,
      46,
      47,
      48,
      49,
      50,
      51
    ],
    "dataset": "MNIST",
    "n_probe_samples": 10000
  },
  "model_accuracies": [
    0.9777142857142858,
    0.9787142857142858,
    0.9704285714285714,
    0.9761428571428571,
    0.9757142857142858,
    0.9752857142857143,
    0.9779285714285715,
    0.9769285714285715,
    0.9757857142857143,
    0.9774285714285714
  ],
  "mean_accuracy": 0.9762071428571428,
  "min_accuracy": 0.9704285714285714,
  "metrics": {
    "mean_jaccard": 0.04067397532825809,
    "std_jaccard": 0.00960194470988041,
    "chance_jaccard": 0.04065040650406504,
    "jaccard_to_chance_ratio": 1.000579793075149,
    "mean_cca_similarity": 0.9504100044391208,
    "std_cca_similarity": 0.005662404132423526,
    "mean_pred_agreement": 1.0,
    "std_pred_agreement": 0.0,
    "mean_subspace_cosine": 0.18425979444950527,
    "std_subspace_cosine": 0.030987526836909463,
    "all_pair_jaccards": [
      0.02361673414304993,
      0.03972109761583446,
      0.03670715249662618,
      0.03941714994346573,
      0.04510705037020827,
      0.051003808898545736,
      0.045984851248009134,
      0.03969799759273444,
      0.03727978991136886,
      0.03217468480626375,
      0.03158988948462633,
      0.03643724696356275,
      0.03415399204872889,
      0.03985605038236617,
      0.042701000595737434,
      0.02676563202878992,
      0.02902578692052376,
      0.03997884524200314,
      0.034288944815260604,
      0.031454936718094614,
      0.07401233097827524,
      0.04811005337321127,
      0.045096108254002995,
      0.04752525805157384,
      0.036853047379363166,
      0.042262100156837,
      0.029036729036729037,
      0.05052826105457684,
      0.0614858964704166,
      0.03985605038236617,
      0.042262100156837,
      0.031589889484626335,
      0.02902578692052376,
      0.044961155487471274,
      0.05080910870384554,
      0.042262100156837,
      0.046537892977521464,
      0.05353126405757984,
      0.02917168180326075,
      0.05158860422018317,
      0.04000194526510316,
      0.043004948268106157,
      0.050663213821108555,
      0.028890834153992045,
      0.03429988693146588
    ],
    "all_pair_cca": [
      0.9458145128234747,
      0.94626076687326,
      0.9399200744914753,
      0.9492701518654867,
      0.9525941573932639,
      0.9485294711497853,
      0.946474104981322,
      0.944895229854426,
      0.9379109136950274,
      0.9524809896406851,
      0.9392353451160151,
      0.9532439506302124,
      0.9521995332472905,
      0.9629844785116987,
      0.952097407238752,
      0.9549103846896122,
      0.9492480613700023,
      0.9441036976376515,
      0.9523712952614828,
      0.9490545267057033,
      0.9528569786677699,
      0.9488160277439965,
      0.948309737035751,
      0.9481257977851116,
      0.9483213054838627,
      0.9427792997177281,
      0.9459523449486769,
      0.9481933784857937,
      0.9444258858377644,
      0.9419850116941273,
      0.9587810076185874,
      0.9582100977964547,
      0.9514755866948752,
      0.9551961833534905,
      0.9565402940103891,
      0.9560410233832227,
      0.9538295417304253,
      0.9534620551150887,
      0.9523237270584071,
      0.9572874332478036,
      0.9609706031207562,
      0.9494291693471754,
      0.9600440888202628,
      0.9510855958493639,
      0.9504089720369275
    ],
    "all_pair_pred_agreement": [
      1.0,
      1.0,
      1.0,
      1.0,
      1.0,
      1.0,
      1.0,
      1.0,
      1.0,
      1.0,
      1.0,
      1.0,
      1.0,
      1.0,
      1.0,
      1.0,
      1.0,
      1.0,
      1.0,
      1.0,
      1.0,
      1.0,
      1.0,
      1.0,
      1.0,
      1.0,
      1.0,
      1.0,
      1.0,
      1.0,
      1.0,
      1.0,
      1.0,
      1.0,
      1.0,
      1.0,
      1.0,
      1.0,
      1.0,
      1.0,
      1.0,
      1.0,
      1.0,
      1.0,
      1.0
    ],
    "all_pair_cosines": [
      0.16130736150203676,
      0.1632465795241649,
      0.18215374273761936,
      0.1865155485815914,
      0.15660688057779318,
      0.16317189207722296,
      0.15225718073444228,
      0.15235205245638747,
      0.15731132772849687,
      0.22110635700481862,
      0.23547273404484126,
      0.22623895323840895,
      0.15886650078555956,
      0.2324711736378564,
      0.16050871029857383,
      0.17186977512357596,
      0.22257483218800878,
      0.2194712409360374,
      0.22121128504282933,
      0.16228181274801434,
      0.2313233917392544,
      0.18204982397247002,
      0.15382039438499115,
      0.21931361437896468,
      0.23374662676983754,
      0.1682183738308537,
      0.2395236517262158,
      0.1844218969453636,
      0.17512001247990183,
      0.23026640239395463,
      0.17670587030720486,
      0.22556588779827957,
      0.15223322902365918,
      0.1607882229723965,
      0.20817547902602893,
      0.14592896692821217,
      0.15611945954623221,
      0.15058340382355503,
      0.15052077680180279,
      0.16471600930931685,
      0.17509923204355088,
      0.21806547671464283,
      0.15899593041397952,
      0.17224017458839438,
      0.15115250134039457
    ],