{
  "experiment": "approximate_symmetry",
  "description": "\u03b7 law at broken correlations: bridging \u03b7 and Gaussian predictions",
  "design": {
    "n_features": 12,
    "n_groups": 3,
    "group_size": 4,
    "n_models": 200,
    "n_samples": 2000,
    "rho_values": [
      0.0,
      0.3,
      0.5,
      0.7,
      0.85,
      0.95,
      0.99
    ]
  },
  "results": {
    "0.0": {
      "rho": 0.0,
      "n_models": 200,
      "n_features": 12,
      "n_groups": 3,
      "group_size": 4,
      "accuracy_mean": 0.7406416666666666,
      "accuracy_std": 0.011801221099718635,
      "n_within_pairs": 18,
      "n_between_pairs": 48,
      "mean_within_flip": 0.13981944444444447,
      "mean_between_flip": 0.12232421874999999,
      "bimodal_gap": 0.017495225694444477,
      "mean_within_snr": 0.11513452976942062,
      "gaussian_predicted_within": 0.45416924554131877,
      "eta_exact": 0.25,
      "predicted_within_eta": 1.0,
      "flip_distribution": {
        "mean": 0.12709564393939393,
        "median": 0.11903125,
        "std": 0.04049575042545758,
        "q25": 0.099953125,
        "q75": 0.153734375,
        "min": 0.061875,
        "max": 0.204625
      },
      "within_flips": [
        0.1015625,
        0.110375,
        0.0890625,
        0.108375,
        0.081,
        0.08475,
        0.1545,
        0.1320625,
        0.1189375,
        0.119125,
        0.1514375,
        0.1248125,
        0.1923125,
        0.1843125,
        0.174125,
        0.192375,
        0.196,
        0.201625
      ],
      "between_flips": [
        0.104,
        0.1015,
        0.0643125,
        0.1088125,
        0.0875625,
        0.1068125,
        0.09325,
        0.1039375,
        0.0826875,
        0.1136875,
        0.11225,
        0.12125,
        0.1085625,
        0.1271875,
        0.0895625,
        0.1244375,
        0.105875,
        0.087375,
        0.0994375,
        0.07025,
        0.07925,
        0.0794375,
        0.07175,
        0.061875,
        0.1468125,
        0.0835,
        0.1135625,
        0.0685625,
        0.11925,
        0.13525,
        0.1074375,
        0.123125,
        0.204625,
        0.2034375,
        0.1908125,
        0.133,
        0.1695625,
        0.1866875,
        0.1495625,
        0.1994375,
        0.13925,
        0.1604375,
        0.1336875,
        0.1078125,
        0.1490625,
        0.17075,
        0.173875,
        0.197
      ]
    },
    "0.3": {
      "rho": 0.3,
      "n_models": 200,
      "n_features": 12,
      "n_groups": 3,
      "group_size": 4,
      "accuracy_mean": 0.7908333333333334,
      "accuracy_std": 0.010115993936995683,
      "n_within_pairs": 18,
      "n_between_pairs": 48,
      "mean_within_flip": 0.16307638888888887,
      "mean_between_flip": 0.10328645833333333,
      "bimodal_gap": 0.05978993055555554,
      "mean_within_snr": 0.08583112061023712,
      "gaussian_predicted_within": 0.46580033354390066,
      "eta_exact": 0.25,
      "predicted_within_eta": 0.9775,
      "flip_distribution": {
        "mean": 0.11959280303030302,
        "median": 0.11790625,
        "std": 0.04618505529576991,
        "q25": 0.084640625,
        "q75": 0.14103125,
        "min": 0.0414375,
        "max": 0.255625
      },
      "within_flips": [
        0.14075,
        0.1074375,
        0.0798125,
        0.1253125,
        0.1093125,
        0.1218125,
        0.166875,
        0.1665,
        0.1529375,
        0.1213125,
        0.1068125,
        0.1905625,
        0.1975625,
        0.2034375,
        0.234,
        0.201625,
        0.255625,
        0.2536875
      ],
      "between_flips": [
        0.0725,
        0.0414375,
        0.0764375,
        0.0935,
        0.0749375,
        0.067625,
        0.058375,
        0.060375,
        0.1036875,
        0.066375,
        0.0904375,
        0.090875,
        0.1211875,
        0.099875,
        0.1258125,
        0.12575,
        0.0775625,
        0.0530625,
        0.0950625,
        0.079125,
        0.0826875,
        0.0880625,
        0.0746875,
        0.076125,
        0.09575,
        0.0905,
        0.1089375,
        0.114625,
        0.0835,
        0.09075,
        0.0736875,
        0.0885,
        0.122,
        0.153125,
        0.155375,
        0.1633125,
        0.141125,
        0.1495625,
        0.1594375,
        0.123625,
        0.1248125,
        0.1254375,
        0.1381875,
        0.1255,
        0.1469375,
        0.1263125,
        0.1344375,
        0.12675
      ]
    },
    "0.5": {
      "rho": 0.5,
      "n_models": 200,
      "n_features": 12,
      "n_groups": 3,
      "group_size": 4,
      "accuracy_mean": 0.8309916666666666,
      "accuracy_std": 0.009200086805146042,
      "n_within_pairs": 18,
      "n_between_pairs": 48,
      "mean_within_flip": 0.1916979166666667,
      "mean_between_flip": 0.11045182291666666,
      "bimodal_gap": 0.08124609375000003,
      "mean_within_snr": 0.08190986514091492,
      "gaussian_predicted_within": 0.46735919477736676,
      "eta_exact": 0.25,
      "predicted_within_eta": 0.9375,
      "flip_distribution": {
        "mean": 0.1326098484848485,
        "median": 0.11056250000000001,
        "std": 0.05754700304322847,
        "q25": 0.08725,
        "q75": 0.162875,
        "min": 0.06325,
        "max": 0.287625
      },
      "within_flips": [
        0.1264375,
        0.1299375,
        0.12525,
        0.1175,
        0.0918125,
        0.11075,
        0.1658125,
        0.241875,
        0.236875,
        0.18675,
        0.18975,
        0.2223125,
        0.19475,
        0.2584375,
        0.287625,
        0.2466875,
        0.236375,
        0.281625
      ],
      "between_flips": [
        0.099375,
        0.077625,
        0.0949375,
        0.0905,
        0.07225,
        0.094,
        0.0885625,
        0.0814375,
        0.0863125,
        0.0839375,
        0.0770625,
        0.1051875,
        0.08025,
        0.0931875,
        0.09075,
        0.0905625,
        0.0935625,
        0.07775,
        0.0868125,
        0.0959375,
        0.078875,
        0.0703125,
        0.077,
        0.06325,
        0.09925,
        0.0664375,
        0.090625,
        0.1031875,
        0.0868125,
        0.1135,
        0.0806875,
        0.079625,
        0.15125,
        0.1584375,
        0.1819375,
        0.163375,
        0.161375,
        0.150125,
        0.1875,
        0.1894375,
        0.159875,
        0.110375,
        0.1368125,
        0.175,
        0.1534375,
        0.1546875,
        0.145875,
        0.152625
      ]
    },
    "0.7": {
      "rho": 0.7,
      "n_models": 200,
      "n_features": 12,
      "n_groups": 3,
      "group_size": 4,
      "accuracy_mean": 0.845925,
      "accuracy_std": 0.007885812682702189,
      "n_within_pairs": 18,
      "n_between_pairs": 48,
      "mean_within_flip": 0.2268784722222222,
      "mean_between_flip": 0.11362499999999998,
      "bimodal_gap": 0.11325347222222223,
      "mean_within_snr": 0.10283100605010986,
      "gaussian_predicted_within": 0.4590485482159272,
      "eta_exact": 0.25,
      "predicted_within_eta": 0.8775000000000001,
      "flip_distribution": {
        "mean": 0.1445123106060606,
        "median": 0.13440625,
        "std": 0.07328494084336078,
        "q25": 0.099640625,
        "q75": 0.18307812499999998,
        "min": 0.0405625,
        "max": 0.3388125
      },
      "within_flips": [
        0.125,
        0.1296875,
        0.0981875,
        0.2069375,
        0.2179375,
        0.1115625,
        0.247125,
        0.2451875,
        0.2065625,
        0.2413125,
        0.2354375,
        0.2430625,
        0.3388125,
        0.297625,
        0.293125,
        0.319625,
        0.2601875,
        0.2664375
      ],