{
  "A": {
    "config": "Small (4L/4H/d256)",
    "weight_zeroing": {
      "full_rho": 0.5647117794486216
    },
    "mean_ablation": {
      "full_rho": 0.9142118863049098,
      "ginv_rho": 0.9746031746031746,
      "within_flip": 0.0,
      "between_flip": 0.0
    },
    "cross_method": {
      "mean_rho": 0.5912902889981333,
      "min_rho": 0.4893700132315087,
      "max_rho": 0.7184043407969573,
      "per_model": [
        0.6290809530464323,
        0.5237251623663258,
        0.6939740125233094,
        0.5290692966761864,
        0.5359403265031498,
        0.7184043407969573,
        0.4893700132315087,
        0.5244886101248775,
        0.603887177014233,
        0.6649629976983525
      ]
    }
  },
  "B": {
    "config": "Medium (6L/8H/d512)",
    "weight_zeroing": {
      "full_rho": 0.5403663469072275
    },
    "mean_ablation": {
      "full_rho": 0.9653440078763619,
      "ginv_rho": 0.9866355866355868,
      "within_flip": 0.0,
      "between_flip": 0.03333333333333333
    },
    "cross_method": {
      "mean_rho": 0.5037953918891062,
      "min_rho": 0.43314972614079994,
      "max_rho": 0.5963795100898965,
      "per_model": [
        0.5319497392031274,
        0.5963795100898965,
        0.4770651195588426,
        0.45277886780881205,
        0.46621135887182424,
        0.536683826311295,
        0.43314972614079994,
        0.5779820008402695,
        0.4754870905227868,
        0.49026667954340775
      ]
    }
  }
}