{
  "experiment": "neuron_sage_g_discovery",
  "n_models": 5,
  "hidden_size": 128,
  "mean_canonical_correlations": [
    0.9989544346541923,
    0.9986356610823097,
    0.9982780977917912,
    0.9977067380437447,
    0.996823566929212,
    0.9959564862047412,
    0.9943938634891192,
    0.9928185251333987,
    0.9908817805878597,
    0.9893672413675297,
    0.9862249783858784,
    0.9836997689902418,
    0.9813980591022812,
    0.9790173608003052,
    0.9747232649372058,
    0.9719614083759934,
    0.9680929893245251,
    0.9641641893082518,
    0.9600421258272893,
    0.9553237446802081,
    0.9499021427125802,
    0.943695506396548,
    0.9391984811824627,
    0.9336313918573131,
    0.9290385753404415,
    0.9246718721547937,
    0.9183845371102135,
    0.9122824045867745,
    0.9085779253380736,
    0.9012984875790234,
    0.8956341296745933,
    0.8894446551331188,
    0.8847758841212452,
    0.8769038324438754,
    0.8705143380097183,
    0.863743944681239,
    0.857386171872756,
    0.8490880483240113,
    0.8406357892562151,
    0.8342348674148997,
    0.8278462306720723,
    0.8185965177846164,
    0.8117095291540763,
    0.8042335575027902,
    0.7961253154154271,
    0.7897687302488239,
    0.7822633277066016,
    0.7731745225889827,
    0.7671969725083182,
    0.7592732175064205,
    0.7532768365409458,
    0.7437807107747723,
    0.7363474760992106,
    0.728965119370294,
    0.7193640068048633,
    0.7121604513669108,
    0.7045261764691175,
    0.694832420380531,
    0.685610055362584,
    0.6768428576676789,
    0.6707800552925669,
    0.6619342846285685,
    0.6530817716406336,
    0.6432705429176621,
    0.6351296855061225,
    0.624072072878759,
    0.6150120504274924,
    0.6075931600102898,
    0.5951427647002542,
    0.5853525692279347,
    0.5765672837442886,
    0.5689596773489697,
    0.5599437479748021,
    0.5486351745764153,
    0.5409486255677455,
    0.5286724940561338,
    0.5189640199740154,
    0.5101412870829102,
    0.4980790852741713,
    0.48697421194858165,
    0.4763408394733001,
    0.4673318321469595,
    0.453881527901461,
    0.44609696112856134,
    0.43411834077970796,
    0.4254060040519054,
    0.4139790966336525,
    0.4049651138879181,
    0.39537246272689475,
    0.3860643599337841,
    0.3727467445197275,
    0.3666114797475728,
    0.35560639651410747,
    0.34637322687943856,
    0.3366765872948517,
    0.3232528001075803,
    0.3141652078044176,
    0.305955156377746,
    0.2967968457800806,
    0.28368352090169763,
    0.2760531023000506,
    0.2626135387403579,
    0.25302871435470176,
    0.24074762938503058,
    0.23180717053501537,
    0.21744448304886127,
    0.20821146302588103,
    0.19990145777176233,
    0.1842397279989397,
    0.17258347582832748,
    0.16351908999972425,
    0.1542089062374878,
    0.14233196766282358,
    0.1295582729054144,
    0.11927685066217344,
    0.10926109697312573,
    0.0982798298084349,
    0.08708801300630037,
    0.07961961315428528,
    0.0685495758488992,
    0.058465015334212445,
    0.04826584574470861,
    0.036435140002384354,
    0.02546161681580674,
    0.01315032665217808,
    0.0034350667981222277,
    0.0004183146742486253,
    1.0762800552036493e-16
  ],
  "auto_threshold": 0.192070592885351,
  "dim_VG_auto": 108,
  "eta_auto": 0.84375,
  "dim_VG_at_thresholds": {
    "0.9": 30,
    "0.8": 44,
    "0.7": 57,
    "0.5": 78,
    "0.3": 98
  }
}