{
  "experiment": "explanation_landscape_bridge",
  "description": "Coverage conflict degree predicts instability across datasets",
  "chain": "Characterization \u2192 Coverage Conflict \u2192 SNR \u2192 Flip Rate",
  "per_dataset": {
    "Breast Cancer": {
      "n_pairs": 435,
      "coverage_conflict_degree": 0.503448275862069,
      "reliable_fraction": 0.0,
      "mean_instability": 0.307427665477606,
      "mean_snr": 0.559326974685963,
      "median_snr": 0.48847578035917893,
      "gaussian_r2": 0.5339139764600622,
      "gaussian_rho": 0.707254345523845
    },
    "Wine": {
      "n_pairs": 78,
      "coverage_conflict_degree": 0.32051282051282054,
      "reliable_fraction": 0.10256410256410256,
      "mean_instability": 0.2680223990568818,
      "mean_snr": 1.0776194280677052,
      "median_snr": 0.7896314689511521,
      "gaussian_r2": 0.6027085310052105,
      "gaussian_rho": 0.8375196479285443
    },
    "Iris": {
      "n_pairs": 6,
      "coverage_conflict_degree": 0.16666666666666666,
      "reliable_fraction": 0.3333333333333333,
      "mean_instability": 0.18199233716475094,
      "mean_snr": 1.6189278253656159,
      "median_snr": 1.2672269199824828,
      "gaussian_r2": 0.6820759585277465,
      "gaussian_rho": 0.9856107606091623
    },
    "Digits": {
      "n_pairs": 500,
      "coverage_conflict_degree": 0.208,
      "reliable_fraction": 0.376,
      "mean_instability": 0.1744183908045977,
      "mean_snr": 1.9102612314235672,
      "median_snr": 1.3739795056202082,
      "gaussian_r2": 0.6328836889830902,
      "gaussian_rho": 0.7967180519223539
    },
    "Heart Disease": {
      "n_pairs": 78,
      "coverage_conflict_degree": 0.3333333333333333,
      "reliable_fraction": 0.01282051282051282,
      "mean_instability": 0.30436192160330094,
      "mean_snr": 0.839482121802181,
      "median_snr": 0.8379615584423947,
      "gaussian_r2": 0.5831671646943735,
      "gaussian_rho": 0.8840314477368703
    },
    "Diabetes": {
      "n_pairs": 28,
      "coverage_conflict_degree": 0.25,
      "reliable_fraction": 0.32142857142857145,
      "mean_instability": 0.212807881773399,
      "mean_snr": 1.944334103247417,
      "median_snr": 1.2878206728983133,
      "gaussian_r2": 0.7450237813618499,
      "gaussian_rho": 0.9184117065823122
    },
    "German Credit": {
      "n_pairs": 190,
      "coverage_conflict_degree": 0.4263157894736842,
      "reliable_fraction": 0.10526315789473684,
      "mean_instability": 0.349243799153055,
      "mean_snr": 1.030179385494114,
      "median_snr": 0.6073064784922407,
      "gaussian_r2": 0.40976710106458936,
      "gaussian_rho": 0.8384020404553848
    }
  },
  "cross_dataset": {
    "coverage_conflict_vs_instability_rho": 0.9285714285714288,
    "reliable_fraction_vs_instability_rho": -0.7857142857142859
  }
}