{
  "config": {
    "n_models": 2,
    "n_layers": 4,
    "n_heads": 4,
    "d_model": 256,
    "n_steps": 15000,
    "n_components": 20,
    "n_invariant": 8,
    "eta_predicted": 0.6,
    "device": "mps",
    "task": "TinyStories language modeling"
  },
  "pre_registered_predictions": {
    "perplexity_cv_lt_5": true,
    "full_rho_lt_0.70": true,
    "ginv_rho_gt_0.80": true,
    "within_flip_gt_0.40": true,
    "between_flip_lt_0.15": true
  },
  "perplexity": {
    "mean": 8.606015193085943,
    "std": 0.09830889666815779,
    "cv_pct": 1.1423277145401622,
    "per_model": [
      8.507706296417785,
      8.7043240897541
    ]
  },
  "full_agreement": {
    "mean_spearman": 0.5669172932330826,
    "min_spearman": 0.5669172932330826,
    "max_spearman": 0.5669172932330826,
    "mean_pearson": 0.9205732463541683,
    "all_spearman": [
      0.5669172932330826
    ]
  },
  "g_invariant_agreement": {
    "mean_spearman": 0.9523809523809524,
    "min_spearman": 0.9523809523809524,
    "max_spearman": 0.9523809523809524,
    "mean_pearson": 0.9996851026132136,
    "all_spearman": [
      0.9523809523809524
    ]
  },
  "excl_mlp_control": {
    "heads_only_mean_spearman": 0.7999999999999999,
    "heads_raw_mean_spearman": 0.3235294117647059,
    "head_lift": "0.324 -> 0.800"
  },
  "flip_rate_breakdown": {
    "within_layer": 0.4583333333333333,
    "cross_layer": 0.3541666666666667,
    "head_vs_mlp": 0.0
  },
  "random_projection_control": {
    "mean_rho": 0.8676190476190476,
    "std_rho": 0.13262225353054166
  },
  "noether_counting": {
    "within_layer_flip_rate": 0.4583333333333333,
    "between_group_flip_rate": 0.0,
    "gap": 0.4583333333333333
  },
  "importance_vectors": [
    [
      0.03805988175528374,
      0.11795364107404427,
      1.4392318725585935,
      0.06127364294869553,
      0.28927905218941796,
      0.23868880953107552,
      0.21889689990452355,
      0.23614018304007378,
      0.04229938983917236,
      0.16380323682512565,
      0.16126511778150276,
      0.10105562210082986,
      0.030364292008536076,
      0.03089596543993256,
      0.02127926690237847,
      0.28146396364484505,
      5.442975316728864,
      1.1732477801186698,
      0.8098789964403423,
      0.4809842790876113
    ],
    [
      0.026336840220860136,
      0.018313612256731338,
      0.16802752017974854,
      1.652058720588684,
      0.2234717948096141,
      0.15233738081795822,
      0.22113999298640685,
      0.4780593429292952,
      0.05152148859841499,
      0.08237850666046143,
      0.0725228616169522,
      0.10550722054072814,
      0.07047358580998031,
      0.21204275744301926,
      0.029434987476893992,
      0.026046327182224882,
      5.28720315865108,
      1.2325250250952586,
      0.8040040050234114,
      0.44242438248225646
    ]
  ],
  "projected_vectors": [
    [
      0.41412975958415427,
      0.2457512361662727,
      0.11710584163665766,
      0.09100087199892304,
      5.442975316728864,
      1.1732477801186698,
      0.8098789964403423,
      0.4809842790876113
    ],
    [
      0.466184173311506,
      0.2687521278858186,
      0.07798251935413919,
      0.08449941447802961,
      5.28720315865108,
      1.2325250250952586,
      0.8040040050234114,
      0.44242438248225646
    ]
  ]
}