{
  "config": "Medium (6L/8H/d512)",
  "n_components": 54,
  "n_invariant": 12,
  "eta_predicted": 0.7777777777777778,
  "ablation_method": "weight_zeroing",
  "pre_registered": {
    "ppl_cv_lt_5": true,
    "full_rho_lt_0.70": true,
    "ginv_rho_gt_0.80": true,
    "head_lift_gt_0.15": true,
    "within_flip_gt_0.40": true,
    "between_flip_lt_0.15": true,
    "perm_test_p_lt_0.01": true
  },
  "perplexity": {
    "mean": 9.975645723341653,
    "cv_pct": 1.0333548207069538,
    "per_model": [
      9.946099298471411,
      10.110548451004615,
      9.955576218806222,
      9.958783312861307,
      9.834782568174653,
      10.008640950198629,
      10.003550555535424,
      9.787647969958371,
      10.144491880924248,
      10.006336027481654
    ]
  },
  "split_half_reliability": {
    "pearson": 0.9999319215906043,
    "spearman": 0.9604345340194395
  },
  "full_agreement": {
    "mean_spearman": 0.5403663469072275,
    "ci_95": [
      0.5158579505749317,
      0.5645443957393641
    ],
    "mean_pearson": 0.9974921185791817,
    "all_spearman": [
      0.5882599580712787,
      0.6020583190394511,
      0.5489994282447112,
      0.6994854202401372,
      0.49426338860301117,
      0.518353344768439,
      0.6654850390699446,
      0.5945873832666285,
      0.6461215932914045,
      0.4534781780064798,
      0.4254240518391461,
      0.6106727653897465,
      0.40789022298456257,
      0.4140651801029159,
      0.5730131503716408,
      0.35406899180484086,
      0.4524109014675052,
      0.569048980369735,
      0.5144654088050314,
      0.6250047646274061,
      0.43022679626453203,
      0.515532685344006,
      0.5943586811511339,
      0.6297312750142937,
      0.3980560320182961,
      0.5522012578616351,
      0.532837812083095,
      0.576672384219554,
      0.6207356584715074,
      0.6946064417762531,
      0.5964932342290832,
      0.6041928721174004,
      0.5659996188298074,
      0.38677339432056407,
      0.4761959214789403,
      0.5948923194206213,
      0.5756813417190775,
      0.5593672574804649,
      0.6381170192490947,
      0.4961692395654659,
      0.4824471126357918,
      0.5313893653516295,
      0.46049170954831325,
      0.5173623022679625,
      0.528797408042691
    ]
  },
  "g_invariant": {
    "mean_spearman": 0.9816627816627818,
    "ci_95": [
      0.9773115773115775,
      0.9857031857031859
    ],
    "mean_pearson": 0.9999563160885004
  },
  "excl_mlp": {
    "heads_raw_rho": 0.3788102475032566,
    "heads_raw_ci_95": [
      0.3476383461185893,
      0.41423023109953205
    ],
    "heads_avg_rho": 0.9314285714285715,
    "heads_avg_ci_95": [
      0.9136507936507938,
      0.9466666666666669
    ],
    "head_lift": 0.5526183239253148
  },
  "random_projection_full": {
    "mean": 0.9875330225330228,
    "std": 0.00804734925836885,
    "ginv_percentile": 20.0
  },
  "random_projection_heads": {
    "mean": 0.406552380952381,
    "std": 0.1823388350943723,
    "meanhead_percentile": 100.0
  },
  "permutation_test": {
    "actual": 0.9816627816627818,
    "null_mean": 0.8639103341103341,
    "null_std": 0.010497397053651521,
    "p_value": 0.0
  },
  "flip_rates": {
    "within_layer": 0.4888888888888889,
    "within_ci_95": [
      0.4775132275132275,
      0.5003968253968254
    ],
    "cross_layer": 0.3440740740740741,
    "head_vs_mlp": 0.0,
    "between_ci_95": [
      0.0,
      0.0
    ],
    "mann_whitney_p_corrected": 1.2568250967458718e-18,
    "cohens_d": 11.939240115914185,
    "note": "Mann-Whitney aggregated by model pair (corrected for non-independence)"
  },
  "importance_vectors": [
    [
      0.024039085094745616,
      0.05512672204237745,
      0.04221896024850702,
      0.040684131475595464,
      -0.0010145902633666992,
      -0.0003451934227576281,
      0.09263874934269856,
      0.0053200079844550885,
      0.08468777399796723,
      0.07280989793630788,
      0.021645637658926464,
      0.08242135781508253,
      0.19121949489300105,
      0.0846446294050951,
      0.04836275027348469,
      0.10032365872309779,
      0.08508023848900459,
      0.08764922618865967,
      0.01755082607269287,
      0.009136199951171875,
      0.011950740447411512,
      0.008280671559847352,
      0.05149222337282655,
      -0.0041826321528506405,
      0.0049564471611613925,
      0.000969391602736458,
      0.01093964393322322,
      0.0019318965765147134,
      0.010297481830303656,
      0.014812882129962901,
      -0.0007328620323767687,
      0.004064092269310926,
      0.04392615648416376,
      0.0021440340922431744,
      0.0059847006430993055,
      0.011464513265169618,
      0.005730986595153809,
      0.012351751327514648,
      0.003494831231924511,
      0.02628644613119313,
      0.006577620139489149,
      0.017404565444359754,
      0.004763658230121592,
      0.05146556634169386,
      0.00704189447256276,
      0.023134726744431955,
      0.019521419818584906,
      0.00914572752439069,
      6.711315613526565,
      0.3290128157689023,
      0.3984939685234661,
      0.21786027688246534,
      0.08483171463012695,
      0.07263079056373023
    ],
    [
      0.21685977165515613,
      0.010851309849665647,
      0.007342256032503602,
      0.03780650175534772,
      0.039999081538273806,
      -0.00023308167090796417,
      -0.009589323630699642,
      0.11919266443986176,
      0.03039519603435803,
      0.07903611660003662,
      0.07261835611783551,
      0.09645429941324091,
      0.14619852029360247,
      0.053981084090012565,
      0.030478211549612055,
      0.05540951398702765,
      0.009082060593824881,
      0.03103805505312396,
      0.06348838255955602,
      0.045484570356515874,
      0.006587477830739985,
      0.03360431927901031,
      0.046136461771451476,
      0.023142411158635134,
      0.0034007842724137483,
      0.0020494919556837132,
      0.005488212292010797,
      0.003377098303574577,
      0.0010964045157799696,
      0.015917750505300532,
      0.003849121240468989,
      0.003381765805757997,
      0.010493993759155273,
      0.0064103236565222765,
      0.007471002065218446,
      0.018487416780911925,
      0.0033641686806311633,
      0.033318895560044304,
      0.005353368245638368,
      0.007647211735064996,
      0.004730673936697016,
      0.00837155488821173,
      0.017398687509389887,
      0.012031811934250847,
      0.006333855482248296,
      0.041355013847351074,
      0.005365729331970215,
      0.05028662314781762,
      6.645887659146236,
      0.2854715035511899,
      0.41550400623908423,
      0.21750341011927654,
      0.10370701092940093,
      0.061475341136639106
    ],
    [
      0.05479477002070521,
      -0.006290050653310786,
      0.014965451680696962,
      0.1919410412128153,
      0.00032250697796154526,
      0.13572936791640045,
      0.017237883347731575,
      -0.004539168798006532,
      0.05937976103562592,
      0.013470888137817383,
      0.06324183940887451,
      0.14467213704035853,
      0.1013505733930149,
      0.08509800067314721,
      0.07720674918248083,
      0.05884899542881872,
      0.034148564705482,
      0.11756708071782018,
      0.02900250141437244,
      0.01212955438173724,
      0.07197363560016345,
      -0.0012356684758114689,
      0.03235275011796235,
      0.013127693763145931,
      0.007050055723923698,
      0.00440754340245153,
      0.016969424027663216,
      0.0012130645605235024,
      0.007297607568593989,
      0.002220227168156619,
      0.005345748021052366,
      0.01984554070692779,
      0.004660212076627257,
      0.006047432239239203,
      0.03559860816368676,
      0.006227108148427973,
      0.014341418559734809,
      0.009022199190579894,
      0.006856725766108518,
      0.05012203179872943,
      0.024141715123103147,
      0.009889217523427973,
      0.018602316196148383,
      0.007781459734990115,
      0.026749436671917426,
      0.009522538918715462,
      0.0038334589738111546,
      0.013601110531733518,
      6.675167468877939,
