{
  "experiment": "attribution_pca_eigenspectrum",
  "results": {
    "phase1_synthetic": {
      "n_stable_pcs": 10,
      "gap_ratio": 1.8136261014979824,
      "gap_position": 10,
      "eta_pca": 0.5010657559157743,
      "eta_ci": [
        0.3752413852568261,
        0.48644132503963083
      ],
      "eigenvalues": [
        0.0017599420725586976,
        0.0016490879661963894,
        0.0012643310038230723,
        0.001042105537601037,
        0.0009807117068307513,
        0.0006057884542928339,
        0.0004942276358268317,
        0.0004519674256138573,
        0.0004251519140293145,
        0.00036205438953282825,
        0.00019963011628029186,
        0.00013168906735132948
      ],
      "cumvar": [
        0.18789375774820924,
        0.3639525835796244,
        0.4989342440842257,
        0.6101908180835078,
        0.714892905008556,
        0.7795676865552443,
        0.8323320866604755,
        0.88058473048466,
        0.9259745146067435,
        0.9646279230451557,
        0.9859406999214326,
        1.0
      ],
      "n_groups_expected": 3,
      "match": false,
      "validation": {
        "loading_flip_correlation": 0.16462372005951137,
        "loading_flip_p": 0.6091580087875201,
        "stable_loadings": [
          0.9198709139831839,
          0.994123417366282,
          0.987106463673501,
          0.9940301247040219,
          0.9914736229673965,
          0.9850809753378307,
          0.9666991013954949,
          0.9453486367680837,
          0.7921639139278548,
          0.3979938082750746,
          0.19588280074208367,
          0.8302262208591897
        ],
        "flip_rates": [
          0.30122448979591837,
          0.47020408163265304,
          0.5093877551020408,
          0.32653061224489793,
          0.11510204081632654,
          0.21551020408163266,
          0.4114285714285714,
          0.32653061224489793,
          0.4579591836734694,
          0.1836734693877551,
          0.35020408163265304,
          0.2742857142857143
        ]
      },
      "eta_exact": 0.75
    },
    "phase2_varying_rho": {
      "0.3": {
        "n_stable_pcs": 10,
        "gap_ratio": 1.9103249793928296,
        "gap_position": 10,
        "eta_pca": 0.4678221683518631,
        "eta_ci": [
          0.34525938811804374,
          0.4598316920621513
        ],
        "eigenvalues": [
          0.0007902666153776942,
          0.000745972074443802,
          0.0005951581496964454,
          0.0005114600103546975,
          0.00039319100593419046,
          0.00031308480524699933,
          0.0001775625361072253,
          0.00016380741683124725,
          0.00012221183383348758,
          9.494709307636362e-05,
          4.970206331313896e-05,
          4.768266559470175e-05
        ],
        "cumvar": [
          0.1973177242257393,
          0.383575765753732,
          0.5321778316481369,
          0.659881727158678,
          0.7580556256472075,
          0.8362282069746768,
          0.8805629097834035,
          0.9214631655597291,
          0.9519776279654993,
          0.9756844934247261,
          0.9880943533776042,
          1.0
        ],
        "n_groups_expected": 3,
        "match": false
      },
      "0.5": {
        "n_stable_pcs": 10,
        "gap_ratio": 1.7368002433004337,
        "gap_position": 10,
        "eta_pca": 0.39393490429208544,
        "eta_ci": [
          0.3005409780010854,
          0.4159271213389007
        ],
        "eigenvalues": [
          0.001171196698333113,
          0.0009017489855183067,
          0.0007350887408550778,
          0.00046842595374772106,
          0.00033679973073497496,
          0.0002872096264618956,
          0.00022163069298403388,
          0.00016998441882540543,
          0.00012005290815811828,
          0.00010681058425895695,
          6.149848531472363e-05,
          5.2775653040925706e-05
        ],
        "cumvar": [
          0.25278231378600136,
          0.4474090535453584,
          0.6060650957079146,
          0.7071666413272698,
          0.7798589698992843,
          0.8418481421894555,
          0.8896832491857736,
          0.9263714116092245,
          0.9522827311545567,
          0.9753359267998662,
          0.9886092987572116,
          0.9999999999999998
        ],
        "n_groups_expected": 3,
        "match": false
      },
      "0.7": {
        "n_stable_pcs": 5,
        "gap_ratio": 1.9960920030086475,
        "gap_position": 5,
        "eta_pca": 0.38314132622718233,
        "eta_ci": [
          0.29096111974174094,
          0.3951322272267567
        ],
        "eigenvalues": [
          0.0017273005377332093,
          0.0015866356133334804,
          0.0014827365961864495,
          0.0009547239777072909,
          0.0007740943732147383,
          0.00038780495690878664,
          0.00026342991637424946,
          0.0001699465471812314,
          0.00016828912978088037,
          0.0001236814853222339,
          8.289836916420277e-05,
          5.442558841391082e-05
        ],
        "cumvar": [
          0.22213321088526444,
          0.42617672016200026,
          0.6168586737728177,
          0.7396374826971673,
          0.8391870775094656,
          0.8890593252124742,
          0.9229367726451265,
          0.9447921309800301,
          0.9664343431710669,
          0.982339951292825,
          0.9930007949140297,
          1.0000000000000002
        ],
        "n_groups_expected": 3,
        "match": false
      },
      "0.9": {
        "n_stable_pcs": 11,
        "gap_ratio": 2.0670196346476835,
        "gap_position": 11,
        "eta_pca": 0.3891434224291438,
        "eta_ci": [
          0.2935707354687967,
          0.4056246359834882
        ],
        "eigenvalues": [
          0.002366342127915941,
          0.0017951267684125733,
          0.0013129526261116589,
          0.000883444521898721,
          0.0006339359761795984,
          0.0005005896643997917,
          0.00043907259506986257,
          0.00029066888880390916,
          0.0002646957101120164,
          0.00020048723105928868,
          0.00018504047927133687,
          8.95204264960015e-05
        ],
        "cumvar": [
          0.2640453694870307,
          0.464352377188833,
          0.6108565775708562,
          0.7094346455746928,
          0.7801716100595721,
          0.8360292907129788,
          0.885022665013827,
          0.917456594679867,
          0.9469923392172445,
          0.9693634597656937,
          0.9900109735562241,
          1.0
        ],
        "n_groups_expected": 3,
        "match": false
      },
      "0.95": {
        "n_stable_pcs": 1,
        "gap_ratio": 1.6823352957612547,
        "gap_position": 1,
        "eta_pca": 0.3382380803507482,
        "eta_ci": [
          0.2537408238946791,
          0.35504869606889045
        ],
        "eigenvalues": [
          0.005219606004185541,
          0.003102595551157353,
          0.002461748692349198,
          0.0015023964413922698,
          0.0011586095898370855,
          0.000829250009093973,
          0.0005274445150203172,
          0.0005116189480726204,
          0.00034512511182944203,
          0.0002931117922938918,
          0.0001802114611154349,
          0.00016409753500951421
        ],
        "cumvar": [
          0.3203034518711559,
          0.5106956125052915,
          0.6617619196492518,
          0.7539571477701096,
          0.825055742318866,
          0.8759430392075576,
          0.9083099072615912,
          0.9397056323371892,
          0.960884388848264,
          0.9788713247933506,
          0.9899300815301103,
          1.0
        ],
        "n_groups_expected": 3,
        "match": false
      },
      "0.99": {
        "n_stable_pcs": 3,
        "gap_ratio": 2.3173535306336466,
        "gap_position": 3,
        "eta_pca": 0.28016667928126004,
        "eta_ci": [
          0.21359289510629847,
          0.31762897579302324
        ],