{
  "experiment": "brain_imaging_rashomon_v3",
  "version": 3,
  "data": "Botvinik-Nezer et al. Nature 2020, NeuroVault 6047",
  "results": {
    "eta_100_7net": {
      "raw": {
        "rho": -0.020915539540527123,
        "p": 0.8363625820658258,
        "ci_lo": -0.23118287663263112,
        "ci_hi": 0.18660259994138867
      },
      "partial": {
        "rho": 0.1533580583818661,
        "p": 0.12767715675924596,
        "ci_lo": -0.19116718198381633,
        "ci_hi": 0.20275288562040644
      }
    },
    "noether_100": {
      "mean_within": 0.04773984549424509,
      "mean_between": 0.06385883256637435,
      "difference": 0.016118987072129262,
      "diff_ci": [
        0.013709018215463106,
        0.018583930197020815
      ],
      "cohens_d": 0.4300822645262943,
      "p": 4.510802696084542e-32,
      "n_within": 762,
      "n_between": 4188
    },
    "phase1": {
      "n_groups": 14,
      "eta_range": [
        0.5,
        0.9230769230769231
      ],
      "group_sizes": {
        "LH_Cont": 4,
        "LH_Default": 13,
        "LH_DorsAttn": 8,
        "LH_Limbic": 3,
        "LH_SalVentAttn": 7,
        "LH_SomMot": 6,
        "LH_Vis": 9,
        "RH_Cont": 9,
        "RH_Default": 11,
        "RH_DorsAttn": 7,
        "RH_Limbic": 2,
        "RH_SalVentAttn": 5,
        "RH_SomMot": 8,
        "RH_Vis": 8
      },
      "raw": {
        "rho": -0.015111303899106412,
        "p": 0.8813787149841945,
        "ci_lo": -0.22712205220849446,
        "ci_hi": 0.1856346920405082
      },
      "partial": {
        "rho": 0.1227853169738012,
        "p": 0.2235938868603436,
        "ci_lo": -0.1626567442802004,
        "ci_hi": 0.17592097777334612
      }
    },
    "phase2": {
      "observed_d": 0.4300822645262943,
      "null_mean": 0.00120856121334858,
      "null_std": 0.04958728864604218,
      "null_95th": 0.08787508615574523,
      "permutation_p": 0.0,
      "trivial": false
    },
    "phase3": {
      "network_d": 0.4300822645262943,
      "spatial_ds": {
        "5": 0.06778933324880264,
        "7": 0.09350443487280398,
        "10": 0.10829391343029572,
        "14": 0.19226695335221922
      },
      "network_beats_all_spatial": true
    },
    "phase4": {
      "1": {
        "d": 0.32415030272161605,
        "p": 3.54813929142032e-20,
        "mean_within": 0.028545946187138967,
        "mean_between": 0.03913094786014576
      },
      "2": {
        "d": 0.26519986065914114,
        "p": 2.6514845008622207e-13,
        "mean_within": 0.05565115838323168,
        "mean_between": 0.07759934094385262
      },
      "3": {
        "d": 0.32378584351836187,
        "p": 3.398754206011644e-20,
        "mean_within": 0.028556841577853948,
        "mean_between": 0.03915399381944092
      },
      "4": {
        "d": 0.2643134179806184,
        "p": 3.2300186081366166e-13,
        "mean_within": 0.0556818985924875,
        "mean_between": 0.077562174846457
      },
      "5": {
        "d": 0.060812845746240025,
        "p": 0.017910135396866242,
        "mean_within": 0.06670655918006609,
        "mean_between": 0.07071549046600435
      },
      "7": {
        "d": 0.3321075235903208,
        "p": 3.143931691633172e-21,
        "mean_within": 0.07235947009174722,
        "mean_between": 0.10024104015986852
      },
      "8": {
        "d": 0.46670338645803927,
        "p": 2.600176022795371e-50,
        "mean_within": 0.026677044447190223,
        "mean_between": 0.0426088398688513
      }
    },
    "phase5": {
      "n_regions": 400,
      "eta_7_raw": {
        "rho": -0.1920313560520636,
        "p": 0.00011125568695271406,
        "ci_lo": -0.29081070785921687,
        "ci_hi": -0.08408883642173298
      },
      "eta_7_partial": {
        "rho": -0.03930530815817598,
        "p": 0.4330700227075164,
        "ci_lo": -0.0804491755876716,
        "ci_hi": 0.03531248684531627
      },
      "eta_hemi_raw": {
        "rho": -0.17210129889365502,
        "p": 0.0005460566662545877,
        "ci_lo": -0.27195625542579316,
        "ci_hi": -0.057067698316352104
      },
      "eta_hemi_partial": {
        "rho": -0.05590666191663697,
        "p": 0.26463336639691504,
        "ci_lo": -0.1015905762820726,
        "ci_hi": 0.01408982084201841
      },
      "eta_hemi_range": [
        0.9230769230769231,
        0.9807692307692307
      ],
      "noether_7": {
        "mean_within": 0.05280689321377354,
        "mean_between": 0.07106049177717537,
        "difference": 0.018253598563401828,
        "diff_ci": [
          0.017488219683844092,
          0.018973959090921234
        ],
        "cohens_d": 0.4061249109334606,
        "p": 0.0,
        "n_within": 12618,
        "n_between": 67182
      },
      "noether_hemi": {
        "mean_within": 0.05141019233528755,
        "mean_between": 0.06960421350803321,
        "difference": 0.018194021172745663,
        "diff_ci": [
          0.017313093435784018,
          0.01908613674205148
        ],
        "cohens_d": 0.40277260144261484,
        "p": 7.963181982306039e-228,
        "n_within": 6272,
        "n_between": 73528
      }
    },
    "s400_7": {
      "raw": {
        "rho": -0.1920313560520636,
        "p": 0.00011125568695271406,
        "ci_lo": -0.29081070785921687,
        "ci_hi": -0.08408883642173298
      },
      "partial": {
        "rho": -0.03930530815817598,
        "p": 0.4330700227075164,
        "ci_lo": -0.0804491755876716,
        "ci_hi": 0.03531248684531627
      }
    },
    "s400_hemi": {
      "raw": {
        "rho": -0.17210129889365502,
        "p": 0.0005460566662545877,
        "ci_lo": -0.27195625542579316,
        "ci_hi": -0.057067698316352104
      },
      "partial": {
        "rho": -0.05590666191663697,
        "p": 0.26463336639691504,
        "ci_lo": -0.1015905762820726,
        "ci_hi": 0.01408982084201841
      }
    }
  },
  "verdict": {
    "eta_law_works": true,
    "noether_genuine": true,
    "noether_survives_significance": true,
    "n_hypotheses_consistent": 7,
    "total_hypotheses": 7
  },
  "elapsed_seconds": 123.54324197769165
}