{
  "depth1_rho0.1": {
    "rho": 0.1,
    "theory": 1.0101010101010102,
    "split_ratio_mean": 1.2173823760697176,
    "split_ratio_se": 0.009647819839326183,
    "split_ratios": [
      1.2,
      1.3333333333333333,
      1.263157894736842,
      1.263157894736842,
      1.1282051282051282,
      1.4054054054054055,
      1.263157894736842,
      1.263157894736842,
      1.1578947368421053,
      1.2307692307692308,
      1.2,
      1.3333333333333333,
      1.1578947368421053,
      1.1,
      1.263157894736842,
      1.1282051282051282,
      1.2307692307692308,
      1.1578947368421053,
      1.1578947368421053,
      1.1,
      1.3333333333333333,
      1.3333333333333333,
      1.2307692307692308,
      1.4444444444444444,
      1.2972972972972974,
      1.2307692307692308,
      1.2972972972972974,
      1.1,
      1.2307692307692308,
      1.2972972972972974,
      1.2941176470588236,
      1.1162790697674418,
      1.1282051282051282,
      1.263157894736842,
      1.2,
      1.1891891891891893,
      1.0526315789473684,
      1.2,
      1.2222222222222223,
      1.170731707317073,
      1.2307692307692308,
      1.1578947368421053,
      1.0731707317073171,
      1.0526315789473684,
      1.2571428571428571,
      1.2682926829268293,
      1.1111111111111112,
      1.1428571428571428,
      1.2,
      1.1891891891891893,
      1.411764705882353,
      1.4,
      1.3333333333333333,
      1.4857142857142858,
      1.1282051282051282,
      1.1282051282051282,
      1.435897435897436,
      1.2222222222222223,
      1.1,
      1.1578947368421053,
      1.1891891891891893,
      1.2,
      1.0810810810810811,
      1.170731707317073,
      1.3333333333333333,
      1.1891891891891893,
      1.2682926829268293,
      1.2571428571428571,
      1.2222222222222223,
      1.170731707317073,
      1.1,
      1.2972972972972974,
      1.170731707317073,
      1.2222222222222223,
      1.3658536585365855,
      1.4545454545454546,
      1.2682926829268293,
      1.1111111111111112,
      1.3333333333333333,
      1.2,
      1.2222222222222223,
      1.170731707317073,
      1.1891891891891893,
      1.0731707317073171,
      1.2307692307692308,
      1.2972972972972974,
      1.2,
      1.1891891891891893,
      1.1578947368421053,
      1.2307692307692308,
      1.1,
      1.1578947368421053,
      1.0526315789473684,
      1.0731707317073171,
      1.1428571428571428,
      1.411764705882353,
      1.2307692307692308,
      1.1578947368421053,
      1.2,
      1.1891891891891893
    ],
    "shap_ratio_mean": 1.0902626514434814,
    "n_obs": 100
  },
  "depth1_rho0.3": {
    "rho": 0.3,
    "theory": 1.0989010989010988,
    "split_ratio_mean": 1.2411069129874888,
    "split_ratio_se": 0.010935664029593376,
    "split_ratios": [
      1.263157894736842,
      1.263157894736842,
      1.1162790697674418,
      1.2941176470588236,
      1.2,
      1.3333333333333333,
      1.263157894736842,
      1.4054054054054055,
      1.2222222222222223,
      1.170731707317073,
      1.368421052631579,
      1.2972972972972974,
      1.2972972972972974,
      1.2307692307692308,
      1.263157894736842,
      1.4054054054054055,
      1.170731707317073,
      1.2222222222222223,
      1.3333333333333333,
      1.1891891891891893,
      1.1428571428571428,
      1.2571428571428571,
      1.170731707317073,
      1.2222222222222223,
      1.263157894736842,
      1.1282051282051282,
      1.2,
      1.6470588235294117,
      1.2,
      1.3333333333333333,
      1.5555555555555556,
      1.1282051282051282,
      1.2,
      1.1891891891891893,
      1.2307692307692308,
      1.4444444444444444,
      1.2972972972972974,
      1.368421052631579,
      1.0810810810810811,
      1.170731707317073,
      1.411764705882353,
      1.2682926829268293,
      1.3333333333333333,
      1.2,
      1.1,
      1.1578947368421053,
      1.1,
      1.2972972972972974,
      1.3333333333333333,
      1.1891891891891893,
      1.2307692307692308,
      1.2972972972972974,
      1.170731707317073,
      1.0810810810810811,
      1.170731707317073,
      1.2222222222222223,
      1.263157894736842,
      1.263157894736842,
      1.2307692307692308,
      1.1578947368421053,
      1.1,
      1.2972972972972974,
      1.0256410256410255,
      1.2307692307692308,
      1.2307692307692308,
      1.2972972972972974,
      1.1891891891891893,
      1.2,
      1.1578947368421053,
      1.2307692307692308,
      1.1578947368421053,
      1.368421052631579,
      1.2972972972972974,
      1.2307692307692308,
      1.3658536585365855,
      1.1428571428571428,
      1.1578947368421053,
      1.2307692307692308,
      1.1,
      1.6,
      1.1,
      1.1578947368421053,
      1.3333333333333333,
      1.2,
      1.1891891891891893,
      1.3333333333333333,
      1.1282051282051282,
      1.4054054054054055,
      1.2307692307692308,
      1.1578947368421053,
      1.2307692307692308,
      1.1578947368421053,
      1.2307692307692308,
      1.4444444444444444,
      1.4054054054054055,
      1.1282051282051282,
      1.2,
      1.1891891891891893,
      1.1578947368421053,
      1.1
    ],
    "shap_ratio_mean": 1.1174604892730713,
    "n_obs": 100
  },
  "depth1_rho0.5": {
    "rho": 0.5,
    "theory": 1.3333333333333333,
    "split_ratio_mean": 1.2729199745733764,
    "split_ratio_se": 0.01148031333018731,
    "split_ratios": [
      1.1891891891891893,
      1.2,
      1.2307692307692308,
      1.4444444444444444,
      1.2972972972972974,
      1.368421052631579,
      1.2307692307692308,
      1.2972972972972974,
      1.2222222222222223,
      1.3,
      1.3333333333333333,
      1.4736842105263157,
      1.1891891891891893,
      1.2,
      1.4054054054054055,
      1.263157894736842,
      1.4736842105263157,
      1.3333333333333333,
      1.4545454545454546,
      1.2380952380952381,
      1.3333333333333333,
      1.6470588235294117,
      1.2307692307692308,
      1.1578947368421053,
      1.2307692307692308,
      1.1578947368421053,
      1.2571428571428571,
      1.1428571428571428,
      1.1578947368421053,
      1.2307692307692308,
      1.4,
      1.2571428571428571,
      1.2307692307692308,
      1.1578947368421053,
      1.3333333333333333,
      1.6470588235294117,
      1.2972972972972974,
      1.2307692307692308,
      1.170731707317073,
      1.2222222222222223,
      1.3714285714285714,
      1.170731707317073,
      1.1578947368421053,
      1.2307692307692308,
      1.2307692307692308,
      1.1578947368421053,
      1.2682926829268293,
      1.2571428571428571,
      1.4857142857142858,
      1.3333333333333333,
      1.2307692307692308,
      1.2972972972972974,
      1.4857142857142858,
      1.3333333333333333,
      1.2380952380952381,
      1.1428571428571428,
      1.2307692307692308,
      1.2972972972972974,
      1.1578947368421053,
      1.2307692307692308,
      1.2,
      1.1891891891891893,
      1.4736842105263157,
      1.3333333333333333,
      1.411764705882353,
      1.2682926829268293,
      1.170731707317073,
      1.3714285714285714,
      1.2307692307692308,
      1.1578947368421053,
      1.1111111111111112,
      1.4,
      1.4054054054054055,
      1.263157894736842,
      1.2380952380952381,
      1.1428571428571428,
      1.263157894736842,
      1.5555555555555556,
      1.2571428571428571,
      1.4,
      1.2380952380952381,
      1.2941176470588236,
      1.3333333333333333,
      1.2,
      1.2972972972972974,
      1.1,
      1.3333333333333333,
      1.2,
      1.3333333333333333,
      1.3333333333333333,
      1.0810810810810811,
      1.3,
      1.1,
      1.1578947368421053,
      1.1891891891891893,
      1.3333333333333333,
      1.0526315789473684,
      1.2,
      1.0909090909090908,
      1.3333333333333333
    ],
    "shap_ratio_mean": 1.134612798690796,
    "n_obs": 100
  },
  "depth1_rho0.7": {
    "rho": 0.7,
    "theory": 1.9607843137254901,
    "split_ratio_mean": 1.3981394663372768,