{
  "experiment": "llm_explanation_instability",
  "approach": "attention_based_fallback",
  "n_models": 10,
  "sigma": 0.01,
  "n_sentences": 100,
  "positive_test": {
    "prediction_agreement": 1.0,
    "n_sentences": 100,
    "n_pairs_measured": 4500,
    "jaccard_ci": [
      0.7908205555555555,
      0.7982222222222223,
      0.8059338888888888
    ],
    "flip_rate_ci": [
      0.33155555555555555,
      0.3453333333333333,
      0.35911666666666664
    ]
  },
  "negative_control": {
    "approach": "single_content_token_sentences",
    "n_control_sentences": 20,
    "n_pairs_measured": 900,
    "jaccard_ci": [
      1.0,
      1.0,
      1.0
    ],
    "flip_rate_ci": [
      0.0,
      0.0,
      0.0
    ]
  },
  "resolution_test": {
    "n_valid_sentences": 1000,
    "consensus_jaccard_ci": [
      0.842595,
      0.8566,
      0.8709025000000001
    ],
    "pairwise_jaccard_mean": 0.7982222222222223,
    "resolution_improvement": 0.05837777777777775
  },
  "_timestamp": "2026-04-09 23:14:36"
}