{
  "metadata": {
    "seed": 42,
    "n_train": 500,
    "n_test": 200,
    "d": 5,
    "true_beta": [
      3.0,
      2.0,
      1.0,
      0.5,
      0.2
    ],
    "noise_std": 1.0,
    "n_models": 200,
    "n_shap_points": 100,
    "stability_threshold": 0.5
  },
  "epsilon_values": [
    0.01,
    0.01321620729433604,
    0.01746681352468613,
    0.023084502831376422,
    0.030508957470615824,
    0.04032127062657409,
    0.0532894270971826,
    0.07042841151127738,
    0.09307964859438446,
    0.12301599307073392,
    0.16258048649414264,
    0.21486974115205904,
    0.28397630403459395,
    0.3753089700800592,
    0.49601611480018254,
    0.6555451794530399,
    0.8663820982454096,
    1.1450285406513152,
    1.5132934551178858,
    2.0
  ],
  "collinearity_levels": [
    0.0,
    0.3,
    0.6,
    0.9
  ],
  "curves": {
    "rho_0.0": [
      0.9999999999999999,
      0.9999999999999999,
      0.9999999999999998,
      0.9999999999999998,
      0.9999999999999998,
      0.9999999999999998,
      0.9999999999999998,
      0.9999999999999998,
      0.9999999999999998,
      0.9999999999999998,
      0.9879980519439449,
      0.9633301084958551,
      0.9660160036130147,
      0.9657147213509383,
      0.9644871609372755,
      0.9644339552820843,
      0.9637224149233967,
      0.9642211326613204,
      0.8506190546415093,
      0.849243832334631
    ],
    "rho_0.3": [
      0.9999999999999999,
      0.9999999999999999,
      0.9999999999999999,
      0.9999999999999999,
      0.9999999999999998,
      0.9999999999999998,
      0.9999999999999998,
      0.9999999999999998,
      0.9999999999999998,
      0.9999999999999998,
      0.9999999999999998,
      0.9575999999999999,
      0.9631275439717024,
      0.9642339552820843,
      0.9648845964131226,
      0.966517285875091,
      0.9641403665924664,
      0.873706361557366,
      0.8297372245306047,
      0.8582960045850004
    ],
    "rho_0.6": [
      0.9999999999999998,
      0.9999999999999998,
      0.9999999999999998,
      0.9999999999999998,
      0.9999999999999998,
      0.9999999999999998,
      0.9999999999999998,
      0.9672134390888618,
      0.9641756205785877,
      0.9638743383165113,
      0.9671679270061293,
      0.9654262617096259,
      0.9620820318889698,
      0.9645198503992438,
      0.963332673020008,
      0.8671752208459195,
      0.8318348966453071,
      0.855811616515404,
      0.8583374385759144,
      0.8482835243559591
    ],
    "rho_0.9": [
      0.9999999999999998,
      0.9999999999999998,
      0.9999999999999998,
      0.9999999999999998,
      0.9543999999999999,
      0.9515999999999999,
      0.9629301084958551,
      0.9691807496268934,
      0.9625224149233966,
      0.8859831809068235,
      0.8457696475041276,
      0.8388660364913871,
      0.8356556127048639,
      0.7531625483620549,
      0.6609077499568855,
      0.6757554148970435,
      0.5863520939003577,
      0.5727823686747879,
      0.47563374514223483,
      0.2811747390471436
    ]
  },
  "critical_epsilon": {
    "rho_0.0": null,
    "rho_0.3": null,
    "rho_0.6": null,
    "rho_0.9": 1.5132934551178858
  },
  "rashomon_sizes": {
    "rho_0.0": [
      28,
      32,
      34,
      35,
      37,
      39,
      40,
      40,
      40,
      40,
      57,
      80,
      80,
      80,
      80,
      80,
      80,
      80,
      160,
      160
    ],
    "rho_0.3": [
      19,
      20,
      20,
      20,
      37,
      40,
      40,
      40,
      40,
      40,
      40,
      60,
      80,
      80,
      80,
      80,
      80,
      100,
      140,
      160
    ],
    "rho_0.6": [
      38,
      39,
      39,
      40,
      40,
      40,
      40,
      77,
      80,
      80,
      80,
      80,
      80,
      80,
      80,
      100,
      140,
      160,
      160,
      160
    ],
    "rho_0.9": [
      33,
      35,
      36,
      38,
      56,
      59,
      78,
      80,
      80,
      94,
      120,
      138,
      140,
      173,
      220,
      240,
      279,
      300,
      320,
      400
    ]
  },
  "predictions": {
    "monotonicity": {
      "rho_0.0": {
        "fraction_decreasing": 1.0,
        "passes": true
      },
      "rho_0.3": {
        "fraction_decreasing": 0.9473684210526315,
        "passes": true
      },
      "rho_0.6": {
        "fraction_decreasing": 0.9473684210526315,
        "passes": true
      },
      "rho_0.9": {
        "fraction_decreasing": 0.8947368421052632,
        "passes": true
      }
    },
    "sharpness": {
      "rho_0.0": 0.4746936611699253,
      "rho_0.3": 0.5548949174907416,
      "rho_0.6": 0.5428998656747983,
      "rho_0.9": 1.605681422132261
    },
    "sharpness_increases_with_rho": true,
    "critical_eps_decreases": true,
    "critical_eps_values": {
      "rho_0.0": null,
      "rho_0.3": null,
      "rho_0.6": null,
      "rho_0.9": 1.5132934551178858
    },
    "sigmoid_shape": {
      "rho_0.0": {
        "inflection_sign_changes": 6,
        "is_sigmoid_like": true
      },
      "rho_0.3": {
        "inflection_sign_changes": 4,
        "is_sigmoid_like": true
      },
      "rho_0.6": {
        "inflection_sign_changes": 7,
        "is_sigmoid_like": true
      },
      "rho_0.9": {
        "inflection_sign_changes": 7,
        "is_sigmoid_like": true
      }
    },
    "overall": {
      "phase_transition_exists": true,
      "eps_c_decreases_with_rho": true,
      "sharper_at_higher_rho": true,
      "sigmoid_shape": true
    }
  }
}