{
  "experiment": "model_selection_instability",
  "task": "1D",
  "dataset": "German Credit (credit-g, OpenML)",
  "n_models": 50,
  "n_eval_splits": 20,
  "xgb_params": {
    "max_depth": 4,
    "n_estimators": 100,
    "learning_rate": 0.1,
    "subsample": 0.8
  },
  "best_model_per_split": [
    3,
    32,
    33,
    6,
    21,
    6,
    33,
    21,
    21,
    24,
    33,
    41,
    41,
    43,
    41,
    24,
    23,
    9,
    28,
    41
  ],
  "n_unique_winners": 11,
  "unique_winner_indices": [
    3,
    6,
    9,
    21,
    23,
    24,
    28,
    32,
    33,
    41,
    43
  ],
  "best_model_flip_rate": 0.8,
  "consecutive_flip_rate": 0.8947,
  "mean_auc_spread_per_split": 0.01971,
  "max_auc_spread_per_split": 0.02667,
  "overall_mean_auc": 0.94768,
  "overall_std_auc_across_models": 0.0023,
  "winner_counts": {
    "model_03": 1,
    "model_32": 1,
    "model_33": 3,
    "model_06": 2,
    "model_21": 3,
    "model_24": 2,
    "model_41": 4,
    "model_43": 1,
    "model_23": 1,
    "model_09": 1,
    "model_28": 1
  },
  "auc_spread_per_split": [
    0.01952,
    0.01595,
    0.02667,
    0.01429,
    0.01905,
    0.01714,
    0.02119,
    0.01976,
    0.01536,
    0.02071,
    0.01881,
    0.02429,
    0.02226,
    0.01488,
    0.02143,
    0.02345,
    0.0181,
    0.0231,
    0.01952,
    0.01869
  ],
  "mean_auc_per_model": [
    0.94418,
    0.94789,
    0.94976,
    0.94646,
    0.9486,
    0.94869,
    0.94701,
    0.95098,
    0.9462,
    0.94449,
    0.94663,
    0.94578,
    0.94744,
    0.94506,
    0.94539,
    0.94356,
    0.95017,
    0.95073,
    0.94683,
    0.94432,
    0.94505,
    0.95165,
    0.94732,
    0.9479,
    0.95138,
    0.94641,
    0.94752,
    0.94605,
    0.95042,
    0.94938,
    0.94879,
    0.94752,
    0.94985,
    0.95348,
    0.94779,
    0.94882,
    0.94361,
    0.94708,
    0.94472,
    0.94563,
    0.94692,
    0.95149,
    0.94761,
    0.94996,
    0.94596,
    0.9499,
    0.94874,
    0.94548,
    0.94838,
    0.94929
  ],
  "_timestamp": "2026-04-08 21:15:33"
}