{
  "experiment": "linear_solver",
  "description": "Pairwise RMSD between 4 linear solvers for underdetermined Ax=b",
  "config": {
    "m": 10,
    "d_range": [
      1,
      50
    ],
    "reps_per_d": 2,
    "n_control_systems": 20,
    "tikhonov_lambda": 0.01,
    "solver_names": [
      "pseudoinverse",
      "lsqr",
      "tikhonov",
      "random_null"
    ]
  },
  "underdetermined": {
    "mean_rmsd": 0.09127796044186111,
    "ci_95_lo": 0.08355580612644717,
    "ci_95_hi": 0.09921488224954735,
    "n_pairwise_observations": 600
  },
  "control_d0": {
    "mean_rmsd": 0.04882538045052228,
    "ci_95_lo": 0.033008467671384996,
    "ci_95_hi": 0.06716792626780566,
    "n_pairwise_observations": 120
  },
  "trend": {
    "slope": -0.0015456374317081654,
    "intercept": 0.1306917149504193
  },
  "per_d": {
    "1": {
      "n": 11,
      "mean_rmsd": 0.16076649449551406,
      "ci_95_lo": 0.08550714482463515,
      "ci_95_hi": 0.25138930153017613
    },
    "2": {
      "n": 12,
      "mean_rmsd": 0.14587250582074543,
      "ci_95_lo": 0.07402327367187493,
      "ci_95_hi": 0.21764748406711285
    },
    "3": {
      "n": 13,
      "mean_rmsd": 0.14569176330213,
      "ci_95_lo": 0.07352752513615171,
      "ci_95_hi": 0.2174368539470818
    },
    "4": {
      "n": 14,
      "mean_rmsd": 0.13421045945375012,
      "ci_95_lo": 0.06751771327588384,
      "ci_95_hi": 0.20090292436573945
    },
    "5": {
      "n": 15,
      "mean_rmsd": 0.1303614906082069,
      "ci_95_lo": 0.06596303227784753,
      "ci_95_hi": 0.1946497500127632
    },
    "6": {
      "n": 16,
      "mean_rmsd": 0.12583418345836317,
      "ci_95_lo": 0.06325500175570646,
      "ci_95_hi": 0.1881643541298023
    },
    "7": {
      "n": 17,
      "mean_rmsd": 0.12187428591588452,
      "ci_95_lo": 0.061006818861619454,
      "ci_95_hi": 0.182437581397197
    },
    "8": {
      "n": 18,
      "mean_rmsd": 0.11814363431369916,
      "ci_95_lo": 0.05921806243081616,
      "ci_95_hi": 0.177026307477404
    },
    "9": {
      "n": 19,
      "mean_rmsd": 0.11506934691337907,
      "ci_95_lo": 0.057633180781310536,
      "ci_95_hi": 0.17234147265928415
    },
    "10": {
      "n": 20,
      "mean_rmsd": 0.11208436868350996,
      "ci_95_lo": 0.05619929493380835,
      "ci_95_hi": 0.1679205498392755
    },
    "11": {
      "n": 21,
      "mean_rmsd": 0.10978229844386893,
      "ci_95_lo": 0.05522779423931165,
      "ci_95_hi": 0.16431132138759677
    },
    "12": {
      "n": 22,
      "mean_rmsd": 0.10681865317477808,
      "ci_95_lo": 0.05351838940451558,
      "ci_95_hi": 0.16006470587043084
    },
    "13": {
      "n": 23,
      "mean_rmsd": 0.10439013450038227,
      "ci_95_lo": 0.05179076504034117,
      "ci_95_hi": 0.1564942487706073
    },
    "14": {
      "n": 24,
      "mean_rmsd": 0.10217968732335027,
      "ci_95_lo": 0.05114864185776577,
      "ci_95_hi": 0.1531944519770281
    },
    "15": {
      "n": 25,
      "mean_rmsd": 0.10011072658229271,
      "ci_95_lo": 0.05013815127640294,
      "ci_95_hi": 0.1500832529266364
    },
    "16": {
      "n": 26,
      "mean_rmsd": 0.09828705183591761,
      "ci_95_lo": 0.04928450233673323,
      "ci_95_hi": 0.14727222394407952
    },
    "17": {
      "n": 27,
      "mean_rmsd": 0.09632321908188714,
      "ci_95_lo": 0.04823275335275333,
      "ci_95_hi": 0.14440879102784632
    },
    "18": {
      "n": 28,
      "mean_rmsd": 0.09475663828646856,
      "ci_95_lo": 0.04747719212425838,
      "ci_95_hi": 0.1419686225132436
    },
    "19": {
      "n": 29,
      "mean_rmsd": 0.09295163452596095,
      "ci_95_lo": 0.04650342757051346,
      "ci_95_hi": 0.13935009710179186
    },
    "20": {
      "n": 30,
      "mean_rmsd": 0.09136342845739108,
      "ci_95_lo": 0.045719872459518314,
      "ci_95_hi": 0.13699025472416168
    },
    "21": {
      "n": 31,
      "mean_rmsd": 0.08989632466129642,
      "ci_95_lo": 0.044984847348708196,
      "ci_95_hi": 0.13478736769176122
    },
    "22": {
      "n": 32,
      "mean_rmsd": 0.08849409781617686,
      "ci_95_lo": 0.044324642202368494,
      "ci_95_hi": 0.13266014433797896
    },
    "23": {
      "n": 33,
      "mean_rmsd": 0.08713302543747882,
      "ci_95_lo": 0.04361360048407608,
      "ci_95_hi": 0.13063896595524693
    },
    "24": {
      "n": 34,
      "mean_rmsd": 0.08583058389146891,
      "ci_95_lo": 0.04295571017550162,
      "ci_95_hi": 0.1429318491051328
    },
    "25": {
      "n": 35,
      "mean_rmsd": 0.08457501856580459,
      "ci_95_lo": 0.04233623324610971,
      "ci_95_hi": 0.12681919897443666
    },
    "26": {
      "n": 36,
      "mean_rmsd": 0.08340734013649687,
      "ci_95_lo": 0.04173298803118154,
      "ci_95_hi": 0.12505200208076792
    },
    "27": {
      "n": 37,
      "mean_rmsd": 0.08225620154380014,
      "ci_95_lo": 0.027527295724056235,
      "ci_95_hi": 0.12334179807622112
    },
    "28": {
      "n": 38,
      "mean_rmsd": 0.08118248713219674,
      "ci_95_lo": 0.040636729604306594,
      "ci_95_hi": 0.12172809413118921
    },
    "29": {
      "n": 39,
      "mean_rmsd": 0.08011472151825101,
      "ci_95_lo": 0.0400821001080897,
      "ci_95_hi": 0.1201297203690206
    },
    "30": {
      "n": 40,
      "mean_rmsd": 0.07911213339260674,
      "ci_95_lo": 0.039592523327244444,
      "ci_95_hi": 0.1186222637818562
    },
    "31": {
      "n": 41,
      "mean_rmsd": 0.07814777590018276,
      "ci_95_lo": 0.039097821206562855,
      "ci_95_hi": 0.11717870839562447
    },
    "32": {
      "n": 42,
      "mean_rmsd": 0.07720596317709406,
      "ci_95_lo": 0.038633952355255796,
      "ci_95_hi": 0.11576633115291746
    },
    "33": {
      "n": 43,
      "mean_rmsd": 0.0762822614504337,
      "ci_95_lo": 0.03815805166434709,
      "ci_95_hi": 0.11439724283247368
    },
    "34": {
      "n": 44,
      "mean_rmsd": 0.07542893436909814,
      "ci_95_lo": 0.03774784745241094,
      "ci_95_hi": 0.12562974022869752
    },
    "35": {
      "n": 45,
      "mean_rmsd": 0.07458760624211425,
      "ci_95_lo": 0.03732224025366399,
      "ci_95_hi": 0.11184362299914834
    },
    "36": {
      "n": 46,
      "mean_rmsd": 0.07375621957676035,
      "ci_95_lo": 0.03689478891962397,
      "ci_95_hi": 0.12286866425063792
    },
    "37": {
      "n": 47,
      "mean_rmsd": 0.07299962795148658,
      "ci_95_lo": 0.0365222892722581,
      "ci_95_hi": 0.10945474141655916
    },
    "38": {
      "n": 48,
      "mean_rmsd": 0.07220915107511962,
      "ci_95_lo": 0.03612492514856574,
      "ci_95_hi": 0.10828346705819679
    },
    "39": {
      "n": 49,
      "mean_rmsd": 0.07146994494231741,
      "ci_95_lo": 0.03574462344918805,
      "ci_95_hi": 0.10717495916505491
    },
    "40": {
      "n": 50,
      "mean_rmsd": 0.0707453840911746,
      "ci_95_lo": 0.035391498775193084,
      "ci_95_hi": 0.10609277781882571
    },
    "41": {
      "n": 51,
      "mean_rmsd": 0.07006279428844532,
      "ci_95_lo": 0.03505579191036078,
      "ci_95_hi": 0.10506150319058173
    },
    "42": {
      "n": 52,
      "mean_rmsd": 0.0693814675496432,
      "ci_95_lo": 0.034697723357310986,
      "ci_95_hi": 0.10404058788415549
    },
    "43": {
      "n": 53,
      "mean_rmsd": 0.06873672486846223,
      "ci_95_lo": 0.034399129631186694,
      "ci_95_hi": 0.10306386257707431
    },
    "44": {
      "n": 54,
      "mean_rmsd": 0.06806591932659647,
      "ci_95_lo": 0.034050551674782444,
      "ci_95_hi": 0.10208123166768786
    },
    "45": {
      "n": 55,
      "mean_rmsd": 0.06746681004529416,
      "ci_95_lo": 0.03344284307732922,
      "ci_95_hi": 0.10116548436629637
    },
    "46": {
      "n": 56,
      "mean_rmsd": 0.06684702244244059,
      "ci_95_lo": 0.03344112038574712,
      "ci_95_hi": 0.10024752120092778
    },
    "47": {
      "n": 57,
      "mean_rmsd": 0.06625337227481869,
      "ci_95_lo": 0.03313995121673878,
      "ci_95_hi": 0.09936225724205046
    },
    "48": {
      "n": 58,
      "mean_rmsd": 0.06568220482613861,