{
  "XGBoost": {
    "name": "XGBoost",
    "n_corr": 145,
    "n_unstable": 162,
    "max_flip": 0.5,
    "r_f1": -0.8975168091334532,
    "f5_precision": 0.25806451612903225,
    "dash_max_flip": 0.48
  },
  "LightGBM": {
    "name": "LightGBM",
    "n_corr": 145,
    "n_unstable": 183,
    "max_flip": 0.5,
    "r_f1": -0.9008525789613371,
    "f5_precision": 0.2,
    "dash_max_flip": 0.48
  },
  "CatBoost": {
    "name": "CatBoost",
    "n_corr": 145,
    "n_unstable": 160,
    "max_flip": 0.5,
    "r_f1": -0.8916681749512243,
    "f5_precision": 0.0,
    "dash_max_flip": 0.48
  }
}