{
  "4": {
    "hidden_width": 4,
    "mse": 0.25745967068161846,
    "max_pred_diff": 8.881784197001252e-16,
    "mean_act_spread": 5.3853727041438086e-17,
    "mean_acts_identical": true,
    "mean_spearman_corr": -0.03600000000000001,
    "mean_kendall_tau": -0.03333333333333332,
    "n_stable_neurons": 0,
    "frac_stable": 0.0,
    "predicted_frac_1_over_n": 0.25,
    "per_neuron_variance": 0.0934615254772149,
    "invariant_variance": 2.90022391625372e-33,
    "spearman_corrs": [
      -0.7999999999999999,
      -0.39999999999999997,
      0.39999999999999997,
      -0.19999999999999998,
      0.0,
      -0.39999999999999997,
      0.0,
      0.6000000000000001,
      0.6000000000000001,
      -0.39999999999999997,
      -0.19999999999999998,
      0.0,
      -0.7999999999999999,
      0.19999999999999998,
      0.6000000000000001,
      0.0,
      -0.6000000000000001,
      -0.39999999999999997,
      0.19999999999999998,
      -0.39999999999999997,
      0.39999999999999997,
      -0.19999999999999998,
      -1.0,
      -1.0,
      -1.0,
      -0.7999999999999999,
      1.0,
      0.0,
      0.39999999999999997,
      0.0,
      0.7999999999999999,
      -0.19999999999999998,
      0.7999999999999999,
      0.7999999999999999,
      0.19999999999999998,
      -0.6000000000000001,
      0.7999999999999999,
      -0.7999999999999999,
      0.7999999999999999,
      -0.19999999999999998,
      -0.6000000000000001,
      -1.0,
      0.0,
      1.0,
      -0.39999999999999997,
      0.0,
      0.19999999999999998,
      0.7999999999999999,
      0.39999999999999997,
      -0.39999999999999997
    ]
  },
  "8": {
    "hidden_width": 8,
    "mse": 0.1516763803023087,
    "max_pred_diff": 8.881784197001252e-16,
    "mean_act_spread": 8.51502189699727e-17,
    "mean_acts_identical": true,
    "mean_spearman_corr": -0.0004761904761904745,
    "mean_kendall_tau": -0.0042857142857142825,
    "n_stable_neurons": 0,
    "frac_stable": 0.0,
    "predicted_frac_1_over_n": 0.125,
    "per_neuron_variance": 0.016468288626054997,
    "invariant_variance": 7.2505597906343e-33,
    "spearman_corrs": [
      -0.28571428571428575,
      0.5714285714285715,
      0.0,
      -0.30952380952380953,
      0.11904761904761905,
      0.09523809523809526,
      0.523809523809524,
      0.7380952380952381,
      0.14285714285714288,
      -0.38095238095238104,
      -0.023809523809523815,
      -0.04761904761904763,
      0.2142857142857143,
      -0.11904761904761905,
      -0.04761904761904763,
      -0.19047619047619052,
      0.3333333333333334,
      -0.7619047619047621,
      -0.19047619047619052,
      0.023809523809523815,
      0.3571428571428572,
      -0.38095238095238104,
      -0.3333333333333334,
      0.14285714285714288,
      -0.7619047619047621,
      0.1666666666666667,
      -0.5000000000000001,
      0.3333333333333334,
      -0.09523809523809526,
      -0.38095238095238104,
      0.14285714285714288,
      -0.5476190476190477,
      0.38095238095238104,
      0.09523809523809526,
      0.28571428571428575,
      0.07142857142857144,
      -0.38095238095238104,
      0.2380952380952381,
      0.11904761904761905,
      0.11904761904761905,
      0.09523809523809526,
      0.3571428571428572,
      0.023809523809523815,
      -0.8095238095238096,
      0.30952380952380953,
      0.19047619047619052,
      0.14285714285714288,
      0.38095238095238104,
      0.3333333333333334,
      -0.523809523809524
    ]
  },
  "16": {
    "hidden_width": 16,
    "mse": 0.13393187347693306,
    "max_pred_diff": 1.7763568394002505e-15,
    "mean_act_spread": 1.2913670089660372e-16,
    "mean_acts_identical": true,
    "mean_spearman_corr": -0.05423529411764706,
    "mean_kendall_tau": -0.03,
    "n_stable_neurons": 0,
    "frac_stable": 0.0,
    "predicted_frac_1_over_n": 0.0625,
    "per_neuron_variance": 0.04157416572185997,
    "invariant_variance": 1.667628751845889e-32,
    "spearman_corrs": [
      0.18823529411764706,
      0.4558823529411765,
      0.17941176470588235,
      -0.4294117647058823,
      -0.26176470588235295,
      0.17352941176470588,
      -0.6588235294117648,
      -0.09117647058823529,
      -0.34411764705882353,
      -0.3588235294117647,
      -0.02941176470588235,
      0.2323529411764706,
      -0.4705882352941176,
      0.17352941176470588,
      -0.29705882352941176,
      0.032352941176470584,
      -0.3558823529411765,
      -0.22941176470588234,
      0.09999999999999999,
      0.3411764705882353,
      -0.13529411764705881,
      0.13529411764705881,
      0.38823529411764707,
      -0.38823529411764707,
      -0.3323529411764706,
      -0.15294117647058825,
      -0.4676470588235294,
      0.4294117647058823,
      -0.13823529411764704,
      -0.4735294117647058,
      0.032352941176470584,
      0.45294117647058824,
      -0.07058823529411765,
      0.44117647058823534,
      0.27941176470588236,
      -0.01764705882352941,
      0.10882352941176471,
      0.07058823529411765,
      -0.18235294117647058,
      0.11470588235294117,
      -0.19117647058823528,
      -0.09411764705882353,
      -0.3294117647058824,
      -0.1647058823529412,
      -0.19117647058823528,
      -0.10588235294117648,
      0.55,
      -0.2647058823529412,
      -0.2911764705882353,
      -0.07352941176470588
    ]
  },
  "32": {
    "hidden_width": 32,
    "mse": 0.1072098681205134,
    "max_pred_diff": 1.7763568394002505e-15,
    "mean_act_spread": 1.2191655987108689e-16,
    "mean_acts_identical": true,
    "mean_spearman_corr": -0.010271260997067447,
    "mean_kendall_tau": -0.007822580645161292,
    "n_stable_neurons": 0,
    "frac_stable": 0.0,
    "predicted_frac_1_over_n": 0.03125,
    "per_neuron_variance": 0.03112567845448707,
    "invariant_variance": 1.4863647570800314e-32,
    "spearman_corrs": [
      -0.18071847507331376,
      -0.17778592375366567,
      -0.08907624633431084,
      0.26392961876832843,
      0.03225806451612903,
      -0.28958944281524923,
      -0.34017595307917886,
      -0.08944281524926685,
      0.0469208211143695,
      0.02602639296187683,
      0.020527859237536656,
      0.01282991202346041,
      -0.0971407624633431,
      -0.3892961876832844,
      0.06964809384164222,
      -0.018328445747800584,
      -0.21370967741935482,
      -0.06011730205278592,
      -0.12060117302052785,
      0.17082111436950145,
      0.1315982404692082,
      0.1224340175953079,
      0.06378299120234603,
      -0.02639296187683284,
      -0.125,
      -0.16422287390029325,
      -0.19391495601173017,
      0.25806451612903225,
      0.10117302052785922,
      -0.10520527859237536,
      0.2657624633431085,
      -0.13709677419354838,
      -0.24853372434017595,
      0.1345307917888563,
      0.05791788856304985,
      -0.044354838709677415,
      -0.24816715542521994,
      0.3255131964809384,
      0.13709677419354838,
      0.3720674486803519,
      -0.10740469208211142,
      0.13599706744868034,
      0.04252199413489736,
      -0.07184750733137829,
      -0.05095307917888562,
      -0.17338709677419353,
      0.1220674486803519,
      0.2620967741935484,
      0.0531524926686217,
      0.020161290322580645
    ]
  },
  "64": {
    "hidden_width": 64,
    "mse": 0.12357500755996964,
    "max_pred_diff": 2.220446049250313e-15,
    "mean_act_spread": 0.0,
    "mean_acts_identical": true,
    "mean_spearman_corr": 0.02551190476190476,
    "mean_kendall_tau": 0.015813492063492064,
    "n_stable_neurons": 0,
    "frac_stable": 0.0,
    "predicted_frac_1_over_n": 0.015625,
    "per_neuron_variance": 0.034149999056945435,
    "invariant_variance": 0.0,