{
  "experiment": "functional_site_prediction",
  "description": "1/k information ceiling predicts functional sites better than raw conservation",
  "proteins": [
    {
      "protein": "Cytochrome c",
      "gene": "CYCS",
      "uniprot": "P99999",
      "status": "success",
      "n_species": 121,
      "n_alignment_positions": 105,
      "n_variable_positions": 59,
      "n_functional": 12,
      "n_nonfunctional": 93,
      "n_total_positions": 105,
      "mannwhitney_deviation_U": 422.5,
      "mannwhitney_deviation_p": 0.923971296958349,
      "mannwhitney_conservation_U": 805.5,
      "mannwhitney_conservation_p": 0.0046433809893337095,
      "auc_deviation": 0.37858422939068104,
      "auc_conservation": 0.7217741935483871,
      "auc_selection_pressure": 0.6034946236559139,
      "auc_combined": 0.6599462365591398,
      "auc_improvement_dev": -0.3431899641577061,
      "auc_improvement_sel": -0.11827956989247324,
      "auc_improvement_comb": -0.06182795698924737,
      "best_metric": "conservation",
      "deviation_wins": false,
      "mean_deviation_functional": 0.13251087273104406,
      "mean_deviation_nonfunctional": 0.22589565152663088,
      "mean_conservation_functional": 0.9933464651573137,
      "mean_conservation_nonfunctional": 0.9221260165876346,
      "mean_selection_pressure_functional": 0.9390175120243215,
      "mean_selection_pressure_nonfunctional": 0.781954749864244
    },
    {
      "protein": "Hemoglobin alpha",
      "gene": "HBA1",
      "uniprot": "P69905",
      "status": "success",
      "n_species": 58,
      "n_alignment_positions": 142,
      "n_variable_positions": 118,
      "n_functional": 18,
      "n_nonfunctional": 124,
      "n_total_positions": 142,
      "mannwhitney_deviation_U": 1213.0,
      "mannwhitney_deviation_p": 0.27652167368735026,
      "mannwhitney_conservation_U": 1128.0,
      "mannwhitney_conservation_p": 0.4718210722473697,
      "auc_deviation": 0.5434587813620072,
      "auc_conservation": 0.5053763440860215,
      "auc_selection_pressure": 0.46370967741935487,
      "auc_combined": 0.4811827956989247,
      "auc_improvement_dev": 0.0380824372759857,
      "auc_improvement_sel": -0.04166666666666663,
      "auc_improvement_comb": -0.024193548387096808,
      "best_metric": "deviation",
      "deviation_wins": true,
      "mean_deviation_functional": 0.3271317105800755,
      "mean_deviation_nonfunctional": 0.28526651061322944,
      "mean_conservation_functional": 0.847284558702984,
      "mean_conservation_nonfunctional": 0.8343241993641498,
      "mean_selection_pressure_functional": 0.7144400987841135,
      "mean_selection_pressure_nonfunctional": 0.7645216278916596
    },
    {
      "protein": "Ubiquitin",
      "gene": "UBB",
      "uniprot": "P0CG48",
      "status": "insufficient_annotations",
      "n_species": 124,
      "n_alignment_positions": 1,
      "n_variable_positions": 1,
      "n_functional": 0,
      "n_nonfunctional": 1,
      "n_total_positions": 1
    },
    {
      "protein": "Insulin",
      "gene": "INS",
      "uniprot": "P01308",
      "status": "success",
      "n_species": 166,
      "n_alignment_positions": 97,
      "n_variable_positions": 83,
      "n_functional": 67,
      "n_nonfunctional": 30,
      "n_total_positions": 97,
      "mannwhitney_deviation_U": 864.5,
      "mannwhitney_deviation_p": 0.8648159561812678,
      "mannwhitney_conservation_U": 1309.5,
      "mannwhitney_conservation_p": 0.008741073750007109,
      "auc_deviation": 0.4300995024875622,
      "auc_conservation": 0.6514925373134329,
      "auc_selection_pressure": 0.4629353233830846,
      "auc_combined": 0.5365671641791044,
      "auc_improvement_dev": -0.22139303482587075,
      "auc_improvement_sel": -0.18855721393034836,
      "auc_improvement_comb": -0.11492537313432849,
      "best_metric": "conservation",
      "deviation_wins": false,
      "mean_deviation_functional": 0.29384499721972385,
      "mean_deviation_nonfunctional": 0.36010754068029754,
      "mean_conservation_functional": 0.7772088269155129,
      "mean_conservation_nonfunctional": 0.6726171658955395,
      "mean_selection_pressure_functional": 0.8985295841450534,
      "mean_selection_pressure_nonfunctional": 0.9972946133771163
    },
    {
      "protein": "Superoxide dismutase 1",
      "gene": "SOD1",
      "uniprot": "P00441",
      "status": "success",
      "n_species": 191,
      "n_alignment_positions": 151,
      "n_variable_positions": 121,
      "n_functional": 98,
      "n_nonfunctional": 53,
      "n_total_positions": 151,
      "mannwhitney_deviation_U": 2230.0,
      "mannwhitney_deviation_p": 0.9248648971895577,
      "mannwhitney_conservation_U": 3113.0,
      "mannwhitney_conservation_p": 0.02179962550165607,
      "auc_deviation": 0.4293415479399306,
      "auc_conservation": 0.5993453985367732,
      "auc_selection_pressure": 0.5090489025798999,
      "auc_combined": 0.54909510974201,
      "auc_improvement_dev": -0.17000385059684253,
      "auc_improvement_sel": -0.09029649595687328,
      "auc_improvement_comb": -0.05025028879476312,
      "best_metric": "conservation",
      "deviation_wins": false,
      "mean_deviation_functional": 0.21848823916182433,
      "mean_deviation_nonfunctional": 0.2633652377674149,
      "mean_conservation_functional": 0.8020866795701436,
      "mean_conservation_nonfunctional": 0.7490610137699323,
      "mean_selection_pressure_functional": 0.7479045565141584,
      "mean_selection_pressure_nonfunctional": 0.7500627539560824
    }
  ],
  "pooled": {
    "n_proteins": 4,
    "proteins_included": [
      "Cytochrome c",
      "Hemoglobin alpha",
      "Insulin",
      "Superoxide dismutase 1"
    ],
    "auc_deviation": 0.47235897435897434,
    "auc_conservation": 0.49276923076923085,
    "auc_selection_pressure": 0.5173846153846153,
    "auc_combined": 0.49044444444444446,
    "auc_improvement_dev": -0.02041025641025651,
    "auc_improvement_sel": 0.024615384615384484,
    "auc_improvement_comb": -0.0023247863247863876,
    "deviation_wins": false,
    "n_positions": 495,
    "n_functional": 195,
    "n_nonfunctional": 300,
    "bootstrap_combined_mean_diff": -0.0031436346717811352,
    "bootstrap_combined_ci_lower": -0.041338625489343174,
    "bootstrap_combined_ci_upper": 0.03392305793247291,
    "bootstrap_combined_p_value": 0.561,
    "bootstrap_sel_mean_diff": 0.02319323819690633,
    "bootstrap_sel_ci_lower": -0.03978140126643362,
    "bootstrap_sel_ci_upper": 0.08418585922629318,
    "bootstrap_sel_p_value": 0.237
  },
  "_timestamp": "2026-04-13 13:05:02"
}