{
  "experiment": "concept_probe_instability",
  "task": "1C",
  "dataset": "sklearn load_digits (8x8, 10 classes, 1797 samples)",
  "n_models": 15,
  "architecture": "(128, 64)",
  "test_size": 0.3,
  "n_train": 1257,
  "n_test": 540,
  "model_accuracies": [
    0.9796296296296296,
    0.9833333333333333,
    0.9851851851851852,
    0.9814814814814815,
    0.9740740740740741,
    0.9833333333333333,
    0.9796296296296296,
    0.9777777777777777,
    0.9777777777777777,
    0.9740740740740741,
    0.9796296296296296,
    0.9833333333333333,
    0.9851851851851852,
    0.9777777777777777,
    0.975925925925926
  ],
  "mean_accuracy": 0.9798765432098765,
  "min_accuracy": 0.9740740740740741,
  "max_accuracy": 0.9851851851851852,
  "all_above_95pct": true,
  "cosine_similarity_matrix": [
    [
      1.0,
      0.007027345941868629,
      0.02037053844202514,
      0.04707469867771553,
      0.18115162431093937,
      0.002837912610437532,
      0.08058341161883274,
      0.034169106075467456,
      0.04224721674931815,
      0.005219134389499065,
      0.04526516534976675,
      0.12760985885169465,
      0.15425884404560694,
      0.13228904216027937,
      0.09212697012912549
    ],
    [
      0.007027345941868629,
      0.9999999999999998,
      0.01638254913648999,
      0.07989645664829313,
      0.0558626707921685,
      0.09843313117027735,
      0.02806258001953114,
      0.1625156064956914,
      0.171931687745429,
      0.058134532731283266,
      0.22910036775842846,
      0.07230110591529453,
      0.13853440201305972,
      0.08416908071188708,
      0.08186845003582197
    ],
    [
      0.02037053844202514,
      0.01638254913648999,
      0.9999999999999998,
      0.36204937904831336,
      0.0975888085695073,
      0.12101582452988607,
      0.05940162075364254,
      0.08645333832344895,
      0.1802174740754115,
      0.08412153068631109,
      0.13328166706641215,
      0.00137570700134311,
      0.12461828342188959,
      0.05410337580142115,
      0.2912353595702821
    ],
    [
      0.04707469867771553,
      0.07989645664829313,
      0.36204937904831336,
      1.0,
      0.06440856963253416,
      0.04457954261941753,
      0.02585014805864712,
      0.12927788051101802,
      0.14747567171577097,
      0.17024937308650492,
      0.08374246030653362,
      0.02243950588406797,
      0.11017230155919258,
      0.10806284896485513,
      0.14185483074993524
    ],
    [
      0.18115162431093937,
      0.0558626707921685,
      0.0975888085695073,
      0.06440856963253416,
      1.0,
      0.007420968398609784,
      0.2690292934636434,
      0.072356202506283,
      0.0906600106069725,
      0.021805115816382406,
      0.06246980546776062,
      0.1198730778509888,
      0.17093969870615255,
      0.06740459921618834,
      0.01275861207397683
    ],
    [
      0.002837912610437532,
      0.09843313117027735,
      0.12101582452988607,
      0.04457954261941753,
      0.007420968398609784,
      1.0,
      0.06675615819508851,
      0.2059558579908085,
      0.1562670701972774,
      0.04641198470488718,
      0.13476482532031303,
      0.18138309030526614,
      0.2268125143870992,
      0.02847653862386946,
      0.12431794555805599
    ],
    [
      0.08058341161883274,
      0.02806258001953114,
      0.05940162075364254,
      0.02585014805864712,
      0.2690292934636434,
      0.06675615819508851,
      1.0,
      0.0680919631739887,
      0.1055856439917872,
      0.0934736584143304,
      0.08971171958092387,
      0.054568798648075845,
      0.04059133431304425,
      0.04524888519375489,
      0.09247419663253853
    ],
    [
      0.034169106075467456,
      0.1625156064956914,
      0.08645333832344895,
      0.12927788051101802,
      0.072356202506283,
      0.2059558579908085,
      0.0680919631739887,
      0.9999999999999999,
      0.10970225083600058,
      0.07077348469118183,
      0.2620302436338847,
      0.09341335836356676,
      0.09675225894505976,
      0.2091261754316248,
      0.010465875036502773
    ],
    [
      0.04224721674931815,
      0.171931687745429,
      0.1802174740754115,
      0.14747567171577097,
      0.0906600106069725,
      0.1562670701972774,
      0.1055856439917872,
      0.10970225083600058,
      1.0,
      0.18183703367596052,
      0.08900593461837497,
      0.05317840489299763,
      0.012302557139748121,
      0.030679533505076517,
      0.0743255145992942
    ],
    [
      0.005219134389499065,
      0.058134532731283266,
      0.08412153068631109,
      0.17024937308650492,
      0.021805115816382406,
      0.04641198470488718,
      0.0934736584143304,
      0.07077348469118183,
      0.18183703367596052,
      0.9999999999999998,
      0.021871507212392727,
      0.0453299834386264,
      0.16075140098157703,
      0.150569488288326,
      0.018183433657775312
    ],
    [
      0.04526516534976675,
      0.22910036775842846,
      0.13328166706641215,
      0.08374246030653362,
      0.06246980546776062,
      0.13476482532031303,
      0.08971171958092387,
      0.2620302436338847,
      0.08900593461837497,
      0.021871507212392727,
      1.0,
      0.020279181334639018,
      0.0016129824980220461,
      0.1744270421219805,
      0.021124271642992475
    ],
    [
      0.12760985885169465,
      0.07230110591529453,
      0.00137570700134311,
      0.02243950588406797,
      0.1198730778509888,
      0.18138309030526614,
      0.054568798648075845,
      0.09341335836356676,
      0.05317840489299763,
      0.0453299834386264,
      0.020279181334639018,
      1.0,
      0.347577814217798,
      0.0914445271833283,
      0.15994732974252404
    ],
    [
      0.15425884404560694,
      0.13853440201305972,
      0.12461828342188959,
      0.11017230155919258,
      0.17093969870615255,
      0.2268125143870992,
      0.04059133431304425,
      0.09675225894505976,
      0.012302557139748121,
      0.16075140098157703,
      0.0016129824980220461,
      0.347577814217798,
      1.0,
      0.19131550714198367,
      0.10351804469562106
    ],
    [
      0.13228904216027937,
      0.08416908071188708,
      0.05410337580142115,
      0.10806284896485513,
      0.06740459921618834,
      0.02847653862386946,
      0.04524888519375489,
      0.2091261754316248,
      0.030679533505076517,
      0.150569488288326,
      0.1744270421219805,
      0.0914445271833283,
      0.19131550714198367,
      0.9999999999999998,
      0.1457186980906539
    ],
    [
      0.09212697012912549,
      0.08186845003582197,
      0.2912353595702821,
      0.14185483074993524,
      0.01275861207397683,
      0.12431794555805599,
      0.09247419663253853,
      0.010465875036502773,
      0.0743255145992942,
      0.018183433657775312,
      0.021124271642992475,
      0.15994732974252404,
      0.10351804469562106,
      0.1457186980906539,
      0.9999999999999999
    ]
  ],
  "mean_abs_cosine_similarity_off_diag": 0.09996068951826818,
  "concept_direction_instability": 0.9000393104817318,
  "concept_direction_instability_ci": {
    "lo": 0.8853651204032427,
    "mean": 0.9000393104817318,
    "hi": 0.9138578713403127
  },
  "tcav_scores_curved": [
    0.4962962962962963,
    0.4962962962962963,
    0.6944444444444444,
    0.3907407407407407,
    0.5888888888888889,
    0.5925925925925926,
    0.5981481481481481,
    0.5907407407407408,
    0.09814814814814815,
    0.3925925925925926,
    0.4962962962962963,
    0.6907407407407408,
    0.3,
    0.4925925925925926,
    0.6907407407407408
  ],
  "tcav_scores_symmetric": [
    0.5,
    0.5,
    0.5037037037037037,
    0.6,
    0.5981481481481481,
    0.4,
    0.7018518518518518,
    0.6981481481481482,
    0.4,
    0.5055555555555555,
    0.5,
    0.6,
    0.6018518518518519,
    0.5981481481481481,
    0.9
  ],
  "tcav_curved_mean": 0.5072839506172839,
  "tcav_curved_std": 0.15688069708190014,
  "tcav_curved_ci": {
    "lo": 0.42221913580246906,
    "mean": 0.5072839506172839,
    "hi": 0.5800061728395062
  },