{
  "experiment": "phase_retrieval",
  "description": "Gerchberg-Saxton phase retrieval ambiguity on 1D signals. Mean pairwise RMSD across 20 reconstructions from random initial phases. General (no real-space constraint) vs. positive control (non-negativity clip).",
  "config": {
    "signal_lengths": [
      16,
      32,
      64,
      128
    ],
    "n_reconstructions": 20,
    "gs_iterations": 500,
    "n_boot": 2000,
    "feature_window": 2,
    "seed": 42
  },
  "per_length": {
    "16": {
      "N": 16,
      "general": {
        "mean_pairwise_rmsd": 1.3241763555618342,
        "ci_95_lo": 1.2916476301102933,
        "ci_95_hi": 1.3587781150685085,
        "n_pairwise": 190,
        "per_reconstruction_mean_rmsd": [
          1.3025902727942686,
          1.3668385246187171,
          1.3248827352119692,
          1.2910131869942116,
          1.2753472855034464,
          1.2909995165633423,
          1.3416403628362465,
          1.296225401465393,
          1.2748616087337457,
          1.3127993806071043,
          1.3149935906405688,
          1.351953356911784,
          1.2870719648624203,
          1.3062767295388247,
          1.3662594401098558,
          1.321026003377737,
          1.3862334094055027,
          1.390438588544925,
          1.3608323939607865,
          1.3212433585558323
        ],
        "feature_agreement": 0.975
      },
      "positive_control": {
        "mean_pairwise_rmsd": 0.7475741191884484,
        "ci_95_lo": 0.7231549358071374,
        "ci_95_hi": 0.7707483002088781,
        "n_pairwise": 190,
        "per_reconstruction_mean_rmsd": [
          0.7542786297986216,
          0.7387703638450007,
          0.7302958216894065,
          0.7246582866397439,
          0.7257064275105339,
          0.7758437333247434,
          0.775581505550836,
          0.786238664802437,
          0.7699964641484959,
          0.7632531188277893,
          0.7164961154835171,
          0.7126352030881458,
          0.7066603305736423,
          0.7232307269019589,
          0.7380254147843939,
          0.7562503547625933,
          0.7613459811920383,
          0.7650719582059553,
          0.7387703638450007,
          0.7883729187941164
        ],
        "feature_agreement": 1.0
      },
      "rmsd_ratio_general_over_positive": 1.7712977503813718,
      "mann_whitney_per_N": {
        "test": "Mann-Whitney U on per-reconstruction mean RMSDs (N=20 vs N=20)",
        "statistic": 400.0,
        "p_value": 3.393019308369315e-08,
        "n_per_group": 20
      },
      "pairwise_legacy": {
        "test": "Mann-Whitney U on C(20,2)=190 pairwise RMSDs (PSEUDOREPLICATED \u2014 do not cite)",
        "statistic": 35097.0,
        "p_value": 2.2131085808418985e-57,
        "n_per_group": 190
      }
    },
    "32": {
      "N": 32,
      "general": {
        "mean_pairwise_rmsd": 1.4448420883614483,
        "ci_95_lo": 1.4196960506569016,
        "ci_95_hi": 1.469974030100534,
        "n_pairwise": 190,
        "per_reconstruction_mean_rmsd": [
          1.4776939643387248,
          1.4584748505507565,
          1.3916239879207752,
          1.4138814427613176,
          1.4995919585524522,
          1.4624278594092446,
          1.4581429135133777,
          1.440166383949511,
          1.3828767087970497,
          1.4130693051002887,
          1.4047578373150162,
          1.4763268783364376,
          1.4361262010282199,
          1.4228343791959224,
          1.4160391087848556,
          1.4443351079476625,
          1.4488592509200113,
          1.4251516001799953,
          1.4861591656491147,
          1.5383028629782374
        ],
        "feature_agreement": 1.0
      },
      "positive_control": {
        "mean_pairwise_rmsd": 0.8407203575691997,
        "ci_95_lo": 0.8193611253355831,
        "ci_95_hi": 0.8604187026412158,
        "n_pairwise": 190,
        "per_reconstruction_mean_rmsd": [
          0.7745265212333956,
          0.8675275829568816,
          0.8543996971392843,
          0.8786163230353116,
          0.8487058900112238,
          0.8369199662128732,
          0.8619942088976668,
          0.879556922473227,
          0.8595779250866198,
          0.7703695520358625,
          0.8227029478449364,
          0.8522887015547088,
          0.8666217590653518,
          0.841194574114368,
          0.8493553292667437,
          0.8341640725958077,
          0.8488781319113392,
          0.7703695520358625,
          0.8445163619801681,
          0.8521211319323614
        ],
        "feature_agreement": 0.9954545454545455
      },
      "rmsd_ratio_general_over_positive": 1.7185763082256793,
      "mann_whitney_per_N": {
        "test": "Mann-Whitney U on per-reconstruction mean RMSDs (N=20 vs N=20)",
        "statistic": 400.0,
        "p_value": 3.393019308369315e-08,
        "n_per_group": 20
      },
      "pairwise_legacy": {
        "test": "Mann-Whitney U on C(20,2)=190 pairwise RMSDs (PSEUDOREPLICATED \u2014 do not cite)",
        "statistic": 35933.0,
        "p_value": 6.196958726547439e-63,
        "n_per_group": 190
      }
    },
    "64": {
      "N": 64,
      "general": {
        "mean_pairwise_rmsd": 1.4336707758420035,
        "ci_95_lo": 1.411564480878948,
        "ci_95_hi": 1.455644514039948,
        "n_pairwise": 190,
        "per_reconstruction_mean_rmsd": [
          1.4352034011029382,
          1.4373596860751043,
          1.4240182405856225,
          1.4463765216937017,
          1.3668893664764732,
          1.3609249328378241,
          1.3915888280682338,
          1.4623163847967862,
          1.4241238689597249,
          1.452175683105535,
          1.462613358323364,
          1.4945349891019426,
          1.4712191695754588,
          1.4181699091727982,
          1.4508497146810162,
          1.5104807806839555,
          1.405286056683537,
          1.4190245068018426,
          1.3855772171801515,
          1.4546829009340567
        ],
        "feature_agreement": 0.9842105263157895
      },
      "positive_control": {
        "mean_pairwise_rmsd": 0.8153399178584012,
        "ci_95_lo": 0.805824407551302,
        "ci_95_hi": 0.8246678082069903,
        "n_pairwise": 190,
        "per_reconstruction_mean_rmsd": [
          0.8232364816017511,
          0.81553520792102,
          0.7942543362875425,
          0.8471205795574739,
          0.8187033988208491,
          0.8163231324784647,
          0.8181419788189483,
          0.808343573837255,
          0.8132927947296654,
          0.8210543959371917,
          0.8207962396165817,
          0.8037706026854101,
          0.8410066894694901,
          0.817253536544393,
          0.8056137824159292,
          0.814898026755242,
          0.8188084295673977,
          0.8235496499953676,
          0.7868730845463873,
          0.7982224355816614
        ],
        "feature_agreement": 0.9925
      },
      "rmsd_ratio_general_over_positive": 1.7583718697444994,
      "mann_whitney_per_N": {
        "test": "Mann-Whitney U on per-reconstruction mean RMSDs (N=20 vs N=20)",
        "statistic": 400.0,
        "p_value": 3.3978075640866785e-08,
        "n_per_group": 20
      },
      "pairwise_legacy": {
        "test": "Mann-Whitney U on C(20,2)=190 pairwise RMSDs (PSEUDOREPLICATED \u2014 do not cite)",
        "statistic": 36100.0,
        "p_value": 4.48171804597088e-64,
        "n_per_group": 190
      }
    },
    "128": {
      "N": 128,
      "general": {
        "mean_pairwise_rmsd": 1.3678580482313314,
        "ci_95_lo": 1.3559719227993945,
        "ci_95_hi": 1.3798640288751423,
        "n_pairwise": 190,