{
  "n_models": 20,
  "n_queries": 45,
  "auc_mean": 0.7968273809523809,
  "auc_min": 0.7828571428571429,
  "auc_max": 0.8098809523809524,
  "auc_spread": 0.02702380952380945,
  "cf_found_rate": 0.8544444444444445,
  "direction_flip_rate": {
    "mean": 0.2351881899243842,
    "ci_lo": 0.20662917995486677,
    "ci_hi": 0.26309491245847766
  },
  "cross_model_validity": {
    "mean": 0.6128448901821477,
    "ci_lo": 0.5605409189052714,
    "ci_hi": 0.6643957668793194
  },
  "distance_cv": {
    "mean": 0.32809781065300814,
    "ci_lo": 0.29277821402227777,
    "ci_hi": 0.37172004257842745
  },
  "top10_flip_rates": {
    "checking_status_>=200": 0.43016053596258375,
    "other_parties_none": 0.41840475287574264,
    "savings_status_no known savings": 0.3783339653646821,
    "other_payment_plans_none": 0.36506130704082923,
    "purpose_education": 0.35178864871697635,
    "purpose_used car": 0.3490077107824548,
    "credit_history_all paid": 0.3483756794336999,
    "employment_<1": 0.34647958538743523,
    "personal_status_male single": 0.3453419289596764,
    "employment_unemployed": 0.3434458349134117
  },
  "negative_control": {
    "description": "make_classification class_sep=0.5, subsample=1.0",
    "n_models": 20,
    "n_queries": 30,
    "auc_range": 0.0,
    "auc_min": 0.9779,
    "auc_max": 0.9779,
    "cf_found_rate": 0.1,
    "direction_flip_rate": 0.0,
    "direction_flip_rate_ci_lo": 0.0,
    "direction_flip_rate_ci_hi": 0.0,
    "interpretation": "Expected CF found rate >0% and flip rate <5%; validates instability is from Rashomon ambiguity"
  },
  "resolution_test": {
    "description": "feature-wise median consensus CF; consistency = same direction on top-5 features",
    "top5_feature_names": [
      "checking_status_no checking",
      "savings_status_<100",
      "property_magnitude_real estate",
      "credit_history_critical/other existing credit",
      "property_magnitude_no known property"
    ],
    "mean_consistency_with_consensus": 0.9273960688434374,
    "consistency_ci_lo": 0.8981019948618633,
    "consistency_ci_hi": 0.9541693230015597,
    "interpretation": "Expected >80% of individual CFs agree with consensus direction"
  },
  "_timestamp": "2026-04-10 14:05:29"
}