{
  "experiment_1_area_law": {
    "exponential": {
      "params": {
        "A": 750.0188999537472,
        "sigma": 5.520299554807021e-05,
        "C": -749.1404844089146
      },
      "SS_residual": 0.007206004171591023,
      "AIC": -50.098257835448145,
      "BIC": -49.85993321040864
    },
    "power_law": {
      "params": {
        "A": 1484.1839154487895,
        "beta": 8.983427236033296e-05,
        "C": -1483.3150594860135
      },
      "SS_residual": 0.017612259391783278,
      "AIC": -42.948812837994595,
      "BIC": -42.710488212955084
    },
    "linear": {
      "params": {
        "A": 0.8784001516763682,
        "B": 0.04139402432721625
      },
      "SS_residual": 0.0072051690223638686,
      "AIC": -52.09918505958664,
      "BIC": -51.94030197622697
    },
    "best_model_AIC": "linear",
    "best_model_BIC": "linear",
    "prediction_holds": false,
    "ks": [
      1,
      2,
      3,
      4,
      5,
      6,
      7,
      8
    ],
    "stabilities": [
      0.8133452081739291,
      0.8044535336469779,
      0.7519934851133435,
      0.7622453893838238,
      0.6494643892644777,
      0.6032379548310551,
      0.6341504742247777,
      0.518125902992776
    ]
  },
  "experiment_2_double_descent": {
    "degrees": [
      1,
      2,
      3,
      4,
      5,
      6,
      7,
      8,
      9,
      10,
      11,
      12,
      13,
      14,
      15,
      16,
      17,
      18,
      19,
      20,
      21,
      22,
      23,
      24,
      25,
      26,
      27,
      28,
      29,
      30
    ],
    "test_errors": [
      16160.770534522273,
      44058.334258913295,
      1289.0713040824544,
      20839.43107504903,
      0.10083624232087356,
      0.28311435439738813,
      0.1858017289598943,
      0.9466382256422977,
      64.198392033906,
      780.8745847916732,
      147.1104882914997,
      27389.39322473002,
      34805.15012213563,
      21817.07274954784,
      39071.14797862725,
      1488906.8821109494,
      101802411.34826124,
      2188354130.731968,
      136921230.13768578,
      24923602524.380524,
      242382829174.67303,
      551642036485.9459,
      986659454991.0822,
      10209373184522.387,
      512332714009131.06,
      116969794790486.28,
      778178539320286.4,
      2.0444371331945924e+16,
      2.198694468152572e+17,
      3.0775134260226188e+16
    ],
    "instabilities": [
      0.0,
      4.88007874140376e-05,
      9.060805808760842e-05,
      0.002101703751343555,
      0.8963842635745869,
      0.9111749297338124,
      0.7324483027341673,
      0.7535583211201763,
      0.7712306394368085,
      0.8099844674689785,
      0.6273939310566952,
      0.756033273250883,
      0.7077373396644622,
      0.7769524884600046,
      0.8996354992596459,
      0.9110108601641432,
      0.9529805744527989,
      0.9916277906806885,
      0.9383328216110028,
      0.8765656691429162,
      0.965822998922918,
      0.9713278999650835,
      1.0033138020950325,
      1.0132135072377835,
      1.0036690715562457,
      0.6670737722396368,
      0.5311827977449679,
      0.435658961624351,
      0.3934180956099155,
      0.1977347785131704
    ],
    "rashomon_sizes": [
      1.0,
      1.0,
      0.18,
      0.06,
      0.02,
      0.02,
      0.02,
      0.02,
      0.02,
      0.02,
      0.02,
      0.02,
      0.02,
      0.02,
      0.02,
      0.02,
      0.02,
      0.02,
      0.02,
      0.02,
      0.02,
      0.02,
      0.02,
      0.02,
      0.02,
      0.02,
      0.02,
      0.02,
      0.04,
      0.02
    ],
    "test_error_peak_degree": 29,
    "instability_peak_degree": 24,
    "rashomon_peak_degree": 1,
    "interpolation_threshold": 100,
    "peak_distance": 5,
    "prediction_holds": "True"
  },
  "experiment_3_confusion_rashomon": {
    "rashomon_overlap_matrix": [
      [
        0.0,
        0.00037037037037037035,
        0.0,
        0.0,
        0.03685185185185185
      ],
      [
        0.0,
        0.0,
        0.0023636363636363638,
        0.0001818181818181818,
        0.0013636363636363637
      ],
      [
        0.0,
        0.0006603773584905661,
        0.0,
        0.0,
        0.0
      ],
      [
        0.0,
        0.0,
        0.013545454545454546,
        0.0,
        0.0
      ],
      [
        0.0,
        0.0010185185185185184,
        0.0043518518518518515,
        0.0,
        0.0
      ]
    ],
    "feature_similarity_matrix": [
      [
        1.0,
        0.7226556109458084,
        0.76544836964014,
        0.7862487515107484,
        0.7957352564527066
      ],
      [
        0.7226556109458084,
        1.0,
        0.8558525313538073,
        0.8423081410234656,
        0.8719478756323564
      ],
      [
        0.76544836964014,
        0.8558525313538073,
        1.0,
        0.8929549606430909,
        0.7121984170147859
      ],
      [
        0.7862487515107484,
        0.8423081410234656,
        0.8929549606430909,
        1.0,
        0.7031410780221949
      ],
      [
        0.7957352564527066,
        0.8719478756323564,
        0.7121984170147859,
        0.7031410780221949,
        1.0
      ]
    ],
    "confusion_matrix_normed": [
      [
        0.9629629629629629,
        0.0,
        0.0,
        0.0,
        0.037037037037037035
      ],
      [
        0.0,
        1.0,
        0.0,
        0.0,
        0.0
      ],
      [
        0.0,
        0.0,
        1.0,
        0.0,
        0.0
      ],
      [
        0.0,
        0.0,
        0.01818181818181818,
        0.9818181818181818,
        0.0
      ],
      [
        0.0,
        0.0,
        0.018518518518518517,
        0.0,
        0.9814814814814815
      ]
    ],
    "spearman_rashomon_vs_confusion": {
      "r": 0.6778395609297321,
      "p": 0.0010226907630947622
    },
    "spearman_feature_vs_confusion": {
      "r": 0.05341757290145474,
      "p": 0.8230158779439456
    },
    "prediction_holds": "True",
    "classes": [
      0,
      1,
      2,
      3,
      4
    ]
  },
  "summary": {
    "area_law_holds": false,
    "phase_transition_holds": "True",
    "confusion_holds": "True",
    "total_predictions_confirmed": "2"
  },
  "_timestamp": "2026-04-13 15:27:44"
}