{
  "depth_rho_matrix": {
    "d1_r0.3": 1.2784907603631466,
    "d1_r0.5": 1.320904505193646,
    "d1_r0.7": 1.4188909180334808,
    "d1_r0.9": 1.9887545029367562,
    "d1_r0.95": 2.1569879332520734,
    "d3_r0.3": 1.1916389317004359,
    "d3_r0.5": 1.2628259422476154,
    "d3_r0.7": 1.2412296792710216,
    "d3_r0.9": 1.2967435159771161,
    "d3_r0.95": 1.3145410746505841,
    "d6_r0.3": 1.6493381476268678,
    "d6_r0.5": 1.6726611227248287,
    "d6_r0.7": 1.7407574523222153,
    "d6_r0.9": 1.8978123114643817,
    "d6_r0.95": 2.027176405641911,
    "d10_r0.3": 2.2266316378286413,
    "d10_r0.5": 2.2489898653951657,
    "d10_r0.7": 2.2784723648506198,
    "d10_r0.9": 2.48858728680265,
    "d10_r0.95": 2.618471522095433
  },
  "dash_breast_cancer": {
    "1": 0.0,
    "2": 0.0,
    "5": 0.0,
    "10": 0.0,
    "25": 0.0,
    "50": 0.0
  },
  "system": {
    "platform": "macOS-15.7.3-arm64-arm-64bit",
    "python": "3.9.6",
    "xgboost": "2.1.4",
    "shap": "0.49.1",
    "numpy": "2.0.2"
  }
}